timestamp,temperature_c,humidity_pct,precipitation_mm,wind_speed_kmh,wind_dir_deg,solar_rad_wm2,weather_code,city,latitude,longitude,source
2026-06-23 00:00:00,35.7,29,0.0,7.0,78,0.0,3,Bordeaux,44.8378,-0.5792,open-meteo
2026-06-23 01:00:00,35.1,29,0.0,6.4,52,0.0,3,Bordeaux,44.8378,-0.5792,open-meteo
2026-06-23 02:00:00,34.5,30,0.0,2.7,23,0.0,0,Bordeaux,44.8378,-0.5792,open-meteo
2026-06-23 03:00:00,30.5,39,0.0,2.8,50,0.0,2,Bordeaux,44.8378,-0.5792,open-meteo
2026-06-23 04:00:00,29.6,43,0.0,2.1,59,0.0,0,Bordeaux,44.8378,-0.5792,open-meteo
2026-06-23 05:00:00,28.9,44,0.0,2.6,106,0.0,3,Bordeaux,44.8378,-0.5792,open-meteo
2026-06-23 06:00:00,28.0,45,0.0,7.2,143,0.0,0,Bordeaux,44.8378,-0.5792,open-meteo
2026-06-23 07:00:00,27.4,48,0.0,5.4,132,13.3,0,Bordeaux,44.8378,-0.5792,open-meteo
2026-06-23 08:00:00,28.5,43,0.0,7.1,135,120.4,0,Bordeaux,44.8378,-0.5792,open-meteo
2026-06-23 09:00:00,30.5,39,0.0,7.4,133,284.5,0,Bordeaux,44.8378,-0.5792,open-meteo
2026-06-23 10:00:00,32.8,33,0.0,11.2,132,459.9,0,Bordeaux,44.8378,-0.5792,open-meteo
2026-06-23 11:00:00,34.9,30,0.0,8.9,148,625.0,0,Bordeaux,44.8378,-0.5792,open-meteo
2026-06-23 12:00:00,36.8,27,0.0,7.7,127,763.3,0,Bordeaux,44.8378,-0.5792,open-meteo
2026-06-23 13:00:00,38.5,23,0.0,10.3,115,848.8,0,Bordeaux,44.8378,-0.5792,open-meteo
2026-06-23 14:00:00,40.1,21,0.0,9.5,115,894.5,0,Bordeaux,44.8378,-0.5792,open-meteo
2026-06-23 15:00:00,41.3,18,0.0,11.4,101,897.8,0,Bordeaux,44.8378,-0.5792,open-meteo
2026-06-23 16:00:00,42.0,16,0.0,11.3,112,858.4,0,Bordeaux,44.8378,-0.5792,open-meteo
2026-06-23 17:00:00,42.6,13,0.0,12.0,99,779.1,0,Bordeaux,44.8378,-0.5792,open-meteo
2026-06-23 18:00:00,42.6,12,0.0,12.6,95,659.0,0,Bordeaux,44.8378,-0.5792,open-meteo
2026-06-23 19:00:00,42.4,13,0.0,12.8,100,496.1,0,Bordeaux,44.8378,-0.5792,open-meteo
2026-06-23 20:00:00,42.1,13,0.0,9.9,109,317.9,0,Bordeaux,44.8378,-0.5792,open-meteo
2026-06-23 21:00:00,41.1,14,0.0,9.8,126,148.7,0,Bordeaux,44.8378,-0.5792,open-meteo
2026-06-23 22:00:00,40.0,15,0.0,9.0,16,24.7,0,Bordeaux,44.8378,-0.5792,open-meteo
2026-06-23 23:00:00,37.2,24,0.0,10.0,339,0.0,0,Bordeaux,44.8378,-0.5792,open-meteo
2026-06-24 00:00:00,35.1,28,0.0,9.1,353,0.0,0,Bordeaux,44.8378,-0.5792,open-meteo
2026-06-24 01:00:00,34.7,29,0.0,7.6,3,0.0,0,Bordeaux,44.8378,-0.5792,open-meteo
2026-06-24 02:00:00,33.1,29,0.0,7.2,357,0.0,0,Bordeaux,44.8378,-0.5792,open-meteo
2026-06-24 03:00:00,32.6,29,0.0,1.9,68,0.0,0,Bordeaux,44.8378,-0.5792,open-meteo
2026-06-24 04:00:00,29.9,39,0.0,5.1,98,0.0,0,Bordeaux,44.8378,-0.5792,open-meteo
2026-06-24 05:00:00,28.8,40,0.0,8.2,165,0.0,0,Bordeaux,44.8378,-0.5792,open-meteo
2026-06-24 06:00:00,28.8,42,0.0,6.8,3,0.0,0,Bordeaux,44.8378,-0.5792,open-meteo
2026-06-24 07:00:00,27.8,48,0.0,6.4,52,13.3,0,Bordeaux,44.8378,-0.5792,open-meteo
2026-06-24 08:00:00,29.3,44,0.0,4.3,90,119.8,0,Bordeaux,44.8378,-0.5792,open-meteo
2026-06-24 09:00:00,30.4,41,0.0,6.8,108,283.2,0,Bordeaux,44.8378,-0.5792,open-meteo
2026-06-24 10:00:00,32.4,36,0.0,6.4,106,456.8,0,Bordeaux,44.8378,-0.5792,open-meteo
2026-06-24 11:00:00,34.7,32,0.0,6.4,117,621.1,0,Bordeaux,44.8378,-0.5792,open-meteo
2026-06-24 12:00:00,36.3,30,0.0,8.5,118,760.2,0,Bordeaux,44.8378,-0.5792,open-meteo
2026-06-24 13:00:00,38.3,26,0.0,10.0,131,848.4,0,Bordeaux,44.8378,-0.5792,open-meteo
2026-06-24 14:00:00,39.9,21,0.0,11.4,125,894.3,0,Bordeaux,44.8378,-0.5792,open-meteo
2026-06-24 15:00:00,41.5,15,0.0,13.8,137,897.6,0,Bordeaux,44.8378,-0.5792,open-meteo
2026-06-24 16:00:00,42.1,14,0.0,13.2,112,858.4,0,Bordeaux,44.8378,-0.5792,open-meteo
2026-06-24 17:00:00,42.2,15,0.0,14.2,114,779.1,0,Bordeaux,44.8378,-0.5792,open-meteo
2026-06-24 18:00:00,42.2,13,0.0,15.2,104,653.0,0,Bordeaux,44.8378,-0.5792,open-meteo
2026-06-24 19:00:00,42.0,14,0.0,13.1,106,493.8,0,Bordeaux,44.8378,-0.5792,open-meteo
2026-06-24 20:00:00,41.7,14,0.0,9.2,116,316.2,0,Bordeaux,44.8378,-0.5792,open-meteo
2026-06-24 21:00:00,40.9,15,0.0,7.2,127,147.4,0,Bordeaux,44.8378,-0.5792,open-meteo
2026-06-24 22:00:00,39.8,17,0.0,8.6,360,24.5,0,Bordeaux,44.8378,-0.5792,open-meteo
2026-06-24 23:00:00,38.4,20,0.0,6.1,90,0.0,0,Bordeaux,44.8378,-0.5792,open-meteo
2026-06-25 00:00:00,35.2,26,0.0,15.1,40,0.0,0,Bordeaux,44.8378,-0.5792,open-meteo
2026-06-25 01:00:00,33.9,29,0.0,12.1,10,0.0,0,Bordeaux,44.8378,-0.5792,open-meteo
2026-06-25 02:00:00,32.9,31,0.0,6.8,3,0.0,0,Bordeaux,44.8378,-0.5792,open-meteo
2026-06-25 03:00:00,30.5,38,0.0,7.9,66,0.0,0,Bordeaux,44.8378,-0.5792,open-meteo
2026-06-25 04:00:00,29.3,41,0.0,9.1,97,0.0,0,Bordeaux,44.8378,-0.5792,open-meteo
2026-06-25 05:00:00,29.2,42,0.0,9.6,103,0.0,0,Bordeaux,44.8378,-0.5792,open-meteo
2026-06-25 06:00:00,28.8,43,0.0,10.0,120,0.0,0,Bordeaux,44.8378,-0.5792,open-meteo
2026-06-25 07:00:00,28.4,43,0.0,8.5,152,12.3,0,Bordeaux,44.8378,-0.5792,open-meteo
2026-06-25 08:00:00,28.9,41,0.0,11.7,133,117.1,0,Bordeaux,44.8378,-0.5792,open-meteo
2026-06-25 09:00:00,29.8,41,0.0,14.3,139,279.9,0,Bordeaux,44.8378,-0.5792,open-meteo
2026-06-25 10:00:00,30.8,39,0.0,15.8,145,453.7,0,Bordeaux,44.8378,-0.5792,open-meteo
2026-06-25 11:00:00,32.4,36,0.0,13.0,136,617.3,0,Bordeaux,44.8378,-0.5792,open-meteo
2026-06-25 12:00:00,34.2,33,0.0,12.8,128,754.6,0,Bordeaux,44.8378,-0.5792,open-meteo
2026-06-25 13:00:00,36.0,30,0.0,10.6,145,847.8,0,Bordeaux,44.8378,-0.5792,open-meteo
2026-06-25 14:00:00,37.5,28,0.0,10.0,131,893.7,0,Bordeaux,44.8378,-0.5792,open-meteo
2026-06-25 15:00:00,39.1,25,0.0,13.3,93,897.6,0,Bordeaux,44.8378,-0.5792,open-meteo
2026-06-25 16:00:00,39.9,22,0.0,13.2,107,858.4,0,Bordeaux,44.8378,-0.5792,open-meteo
2026-06-25 17:00:00,40.1,22,0.0,9.4,113,770.1,0,Bordeaux,44.8378,-0.5792,open-meteo
2026-06-25 18:00:00,39.1,23,0.0,5.5,212,422.1,3,Bordeaux,44.8378,-0.5792,open-meteo
2026-06-25 19:00:00,35.9,26,0.0,9.3,118,196.6,3,Bordeaux,44.8378,-0.5792,open-meteo
2026-06-25 20:00:00,35.3,23,0.0,5.2,74,66.4,3,Bordeaux,44.8378,-0.5792,open-meteo
2026-06-25 21:00:00,32.7,28,0.0,8.0,36,48.6,3,Bordeaux,44.8378,-0.5792,open-meteo
2026-06-25 22:00:00,29.4,46,0.0,7.8,304,18.5,3,Bordeaux,44.8378,-0.5792,open-meteo
2026-06-25 23:00:00,29.2,43,0.0,9.3,347,0.0,3,Bordeaux,44.8378,-0.5792,open-meteo
2026-06-26 00:00:00,27.3,57,0.0,19.1,268,0.0,3,Bordeaux,44.8378,-0.5792,open-meteo
2026-06-26 01:00:00,25.7,68,0.0,15.2,256,0.0,3,Bordeaux,44.8378,-0.5792,open-meteo
2026-06-26 02:00:00,24.6,76,0.0,19.4,350,0.0,51,Bordeaux,44.8378,-0.5792,open-meteo
2026-06-26 03:00:00,24.9,72,0.0,10.9,264,0.0,3,Bordeaux,44.8378,-0.5792,open-meteo
2026-06-26 04:00:00,23.8,76,0.0,7.9,309,0.0,3,Bordeaux,44.8378,-0.5792,open-meteo
2026-06-26 05:00:00,23.7,79,0.0,4.6,231,0.0,0,Bordeaux,44.8378,-0.5792,open-meteo
2026-06-26 06:00:00,23.5,82,0.0,5.2,236,0.0,3,Bordeaux,44.8378,-0.5792,open-meteo
2026-06-26 07:00:00,23.5,83,0.0,9.0,247,3.9,3,Bordeaux,44.8378,-0.5792,open-meteo
2026-06-26 08:00:00,23.9,81,0.0,6.2,263,64.0,0,Bordeaux,44.8378,-0.5792,open-meteo
2026-06-26 09:00:00,25.4,74,0.0,4.9,287,268.5,0,Bordeaux,44.8378,-0.5792,open-meteo
2026-06-26 10:00:00,26.8,68,0.0,4.5,299,436.7,0,Bordeaux,44.8378,-0.5792,open-meteo
2026-06-26 11:00:00,28.2,61,0.0,3.7,11,602.6,0,Bordeaux,44.8378,-0.5792,open-meteo
2026-06-26 12:00:00,30.1,54,0.0,7.2,3,739.2,0,Bordeaux,44.8378,-0.5792,open-meteo
2026-06-26 13:00:00,31.6,50,0.0,7.8,13,841.8,0,Bordeaux,44.8378,-0.5792,open-meteo
2026-06-26 14:00:00,33.1,46,0.0,7.7,49,893.5,0,Bordeaux,44.8378,-0.5792,open-meteo
2026-06-26 15:00:00,34.2,42,0.0,10.5,52,897.2,0,Bordeaux,44.8378,-0.5792,open-meteo
2026-06-26 16:00:00,34.9,39,0.0,8.4,43,857.8,0,Bordeaux,44.8378,-0.5792,open-meteo
2026-06-26 17:00:00,35.0,40,0.0,1.3,56,757.1,0,Bordeaux,44.8378,-0.5792,open-meteo
2026-06-26 18:00:00,35.4,38,0.0,1.8,101,620.4,0,Bordeaux,44.8378,-0.5792,open-meteo
2026-06-26 19:00:00,35.7,37,0.0,7.6,95,477.6,0,Bordeaux,44.8378,-0.5792,open-meteo
2026-06-26 20:00:00,34.9,39,0.0,6.7,324,303.8,0,Bordeaux,44.8378,-0.5792,open-meteo
2026-06-26 21:00:00,32.5,45,0.0,11.9,335,142.7,0,Bordeaux,44.8378,-0.5792,open-meteo
2026-06-26 22:00:00,30.5,53,0.0,8.9,320,24.5,0,Bordeaux,44.8378,-0.5792,open-meteo
2026-06-26 23:00:00,29.5,54,0.0,7.4,337,0.0,0,Bordeaux,44.8378,-0.5792,open-meteo
2026-06-27 00:00:00,29.1,55,0.0,8.0,352,0.0,1,Bordeaux,44.8378,-0.5792,open-meteo
2026-06-27 01:00:00,28.2,56,0.0,7.2,3,0.0,0,Bordeaux,44.8378,-0.5792,open-meteo
2026-06-27 02:00:00,27.5,55,0.0,9.6,13,0.0,1,Bordeaux,44.8378,-0.5792,open-meteo
2026-06-27 03:00:00,26.0,69,0.0,6.8,3,0.0,0,Bordeaux,44.8378,-0.5792,open-meteo
2026-06-27 04:00:00,26.0,73,0.0,3.9,338,0.0,0,Bordeaux,44.8378,-0.5792,open-meteo
2026-06-27 05:00:00,26.0,73,0.0,3.2,333,0.0,1,Bordeaux,44.8378,-0.5792,open-meteo
2026-06-27 06:00:00,25.5,75,0.0,4.0,360,0.0,3,Bordeaux,44.8378,-0.5792,open-meteo
2026-06-27 07:00:00,24.8,80,0.0,5.5,349,11.8,2,Bordeaux,44.8378,-0.5792,open-meteo
2026-06-27 08:00:00,25.9,74,0.0,3.9,338,111.3,0,Bordeaux,44.8378,-0.5792,open-meteo
2026-06-27 09:00:00,28.4,61,0.0,4.2,301,269.1,0,Bordeaux,44.8378,-0.5792,open-meteo
2026-06-27 10:00:00,29.5,57,0.0,7.6,245,440.0,0,Bordeaux,44.8378,-0.5792,open-meteo
2026-06-27 11:00:00,30.9,53,0.0,5.2,245,600.5,3,Bordeaux,44.8378,-0.5792,open-meteo
2026-06-27 12:00:00,33.1,47,0.0,3.4,238,738.4,3,Bordeaux,44.8378,-0.5792,open-meteo
2026-06-27 13:00:00,34.8,42,0.0,9.0,247,838.7,3,Bordeaux,44.8378,-0.5792,open-meteo
2026-06-27 14:00:00,36.6,38,0.0,13.4,262,835.6,3,Bordeaux,44.8378,-0.5792,open-meteo
2026-06-27 15:00:00,37.4,32,0.0,8.9,256,857.3,95,Bordeaux,44.8378,-0.5792,open-meteo
2026-06-27 16:00:00,36.7,33,0.0,16.2,257,821.8,55,Bordeaux,44.8378,-0.5792,open-meteo
2026-06-27 17:00:00,36.0,31,0.0,14.5,277,763.1,3,Bordeaux,44.8378,-0.5792,open-meteo
2026-06-27 18:00:00,34.4,42,0.0,9.2,334,634.1,0,Bordeaux,44.8378,-0.5792,open-meteo
2026-06-27 19:00:00,34.1,34,0.0,19.7,288,481.5,0,Bordeaux,44.8378,-0.5792,open-meteo
2026-06-27 20:00:00,32.5,41,0.0,14.0,305,272.6,0,Bordeaux,44.8378,-0.5792,open-meteo
2026-06-27 21:00:00,30.5,47,0.0,11.2,315,144.5,0,Bordeaux,44.8378,-0.5792,open-meteo
2026-06-27 22:00:00,28.5,55,0.0,8.7,300,24.5,0,Bordeaux,44.8378,-0.5792,open-meteo
2026-06-27 23:00:00,27.4,57,0.0,8.4,320,0.0,1,Bordeaux,44.8378,-0.5792,open-meteo
2026-06-28 00:00:00,26.1,58,0.0,10.0,311,0.0,0,Bordeaux,44.8378,-0.5792,open-meteo
2026-06-28 01:00:00,24.8,62,0.0,23.2,16,0.0,3,Bordeaux,44.8378,-0.5792,open-meteo
2026-06-28 02:00:00,23.8,69,0.0,12.7,305,0.0,3,Bordeaux,44.8378,-0.5792,open-meteo
2026-06-28 03:00:00,23.6,74,2.9,9.7,266,0.0,51,Bordeaux,44.8378,-0.5792,open-meteo
2026-06-28 04:00:00,22.7,75,0.3,8.0,54,0.0,51,Bordeaux,44.8378,-0.5792,open-meteo
2026-06-28 05:00:00,21.9,82,0.0,5.2,12,0.0,1,Bordeaux,44.8378,-0.5792,open-meteo
2026-06-28 06:00:00,21.3,82,0.0,7.3,279,0.0,3,Bordeaux,44.8378,-0.5792,open-meteo
2026-06-28 07:00:00,21.2,81,0.0,11.2,272,11.8,3,Bordeaux,44.8378,-0.5792,open-meteo
2026-06-28 08:00:00,21.5,85,0.0,3.9,292,88.5,2,Bordeaux,44.8378,-0.5792,open-meteo
2026-06-28 09:00:00,23.0,78,0.0,4.7,356,203.7,3,Bordeaux,44.8378,-0.5792,open-meteo
2026-06-28 10:00:00,23.9,73,0.0,4.7,351,372.7,3,Bordeaux,44.8378,-0.5792,open-meteo
2026-06-28 11:00:00,25.0,67,0.0,3.8,17,504.6,3,Bordeaux,44.8378,-0.5792,open-meteo
2026-06-28 12:00:00,24.7,65,0.0,13.8,7,453.7,3,Bordeaux,44.8378,-0.5792,open-meteo
2026-06-28 13:00:00,26.1,61,0.0,7.2,360,730.1,3,Bordeaux,44.8378,-0.5792,open-meteo
2026-06-28 14:00:00,26.7,57,0.0,14.5,19,873.5,3,Bordeaux,44.8378,-0.5792,open-meteo
2026-06-28 15:00:00,28.4,52,0.0,9.8,8,866.5,3,Bordeaux,44.8378,-0.5792,open-meteo
2026-06-28 16:00:00,29.1,49,0.0,13.1,351,784.7,2,Bordeaux,44.8378,-0.5792,open-meteo
2026-06-28 17:00:00,30.0,45,0.0,12.5,348,629.6,1,Bordeaux,44.8378,-0.5792,open-meteo
2026-06-28 18:00:00,29.1,46,0.0,16.8,329,347.2,3,Bordeaux,44.8378,-0.5792,open-meteo
2026-06-28 19:00:00,27.8,53,0.0,18.4,325,304.0,3,Bordeaux,44.8378,-0.5792,open-meteo
2026-06-28 20:00:00,26.1,57,0.0,18.8,328,214.7,3,Bordeaux,44.8378,-0.5792,open-meteo
2026-06-28 21:00:00,24.6,60,0.0,10.2,328,61.7,3,Bordeaux,44.8378,-0.5792,open-meteo
2026-06-28 22:00:00,23.7,62,0.0,8.8,305,10.8,3,Bordeaux,44.8378,-0.5792,open-meteo
2026-06-28 23:00:00,23.6,63,0.0,4.5,299,0.0,3,Bordeaux,44.8378,-0.5792,open-meteo
2026-06-29 00:00:00,21.7,81,0.0,3.3,41,0.0,51,Bordeaux,44.8378,-0.5792,open-meteo
2026-06-29 01:00:00,21.7,81,0.0,6.6,315,0.0,3,Bordeaux,44.8378,-0.5792,open-meteo
2026-06-29 02:00:00,21.8,81,0.0,8.9,328,0.0,3,Bordeaux,44.8378,-0.5792,open-meteo
2026-06-29 03:00:00,21.7,74,0.0,10.9,333,0.0,3,Bordeaux,44.8378,-0.5792,open-meteo
2026-06-29 04:00:00,21.4,74,0.0,15.0,339,0.0,3,Bordeaux,44.8378,-0.5792,open-meteo
2026-06-29 05:00:00,20.8,74,0.0,13.2,338,0.0,3,Bordeaux,44.8378,-0.5792,open-meteo
2026-06-29 06:00:00,20.5,74,0.0,11.1,331,0.0,3,Bordeaux,44.8378,-0.5792,open-meteo
2026-06-29 07:00:00,20.4,74,0.0,11.8,320,7.7,0,Bordeaux,44.8378,-0.5792,open-meteo
2026-06-29 08:00:00,20.7,74,0.0,10.5,333,67.1,2,Bordeaux,44.8378,-0.5792,open-meteo
2026-06-29 09:00:00,21.8,71,0.0,12.9,342,159.0,0,Bordeaux,44.8378,-0.5792,open-meteo
2026-06-29 10:00:00,23.1,64,0.0,11.2,358,431.3,3,Bordeaux,44.8378,-0.5792,open-meteo
2026-06-29 11:00:00,24.3,58,0.0,10.9,352,610.3,1,Bordeaux,44.8378,-0.5792,open-meteo
2026-06-29 12:00:00,25.4,54,0.0,11.2,2,686.5,0,Bordeaux,44.8378,-0.5792,open-meteo
2026-06-29 13:00:00,26.9,48,0.0,9.6,347,805.6,3,Bordeaux,44.8378,-0.5792,open-meteo
2026-06-29 14:00:00,28.3,42,0.0,10.0,339,873.6,2,Bordeaux,44.8378,-0.5792,open-meteo
2026-06-29 15:00:00,29.6,37,0.0,9.1,326,875.8,2,Bordeaux,44.8378,-0.5792,open-meteo
2026-06-29 16:00:00,30.6,34,0.0,8.9,328,839.5,2,Bordeaux,44.8378,-0.5792,open-meteo
2026-06-29 17:00:00,30.0,38,0.0,12.1,323,655.1,3,Bordeaux,44.8378,-0.5792,open-meteo
2026-06-29 18:00:00,28.8,40,0.0,17.7,322,560.2,2,Bordeaux,44.8378,-0.5792,open-meteo
2026-06-29 19:00:00,27.9,43,0.0,14.8,317,488.4,0,Bordeaux,44.8378,-0.5792,open-meteo
2026-06-29 20:00:00,27.0,45,0.0,14.8,317,315.0,0,Bordeaux,44.8378,-0.5792,open-meteo
2026-06-29 21:00:00,25.1,50,0.0,14.3,321,145.8,0,Bordeaux,44.8378,-0.5792,open-meteo
2026-06-29 22:00:00,23.5,55,0.0,10.2,315,24.5,0,Bordeaux,44.8378,-0.5792,open-meteo
2026-06-29 23:00:00,22.3,58,0.0,9.2,318,0.0,0,Bordeaux,44.8378,-0.5792,open-meteo
2026-06-30 00:00:00,21.5,62,0.0,9.8,324,0.0,0,Bordeaux,44.8378,-0.5792,open-meteo
2026-06-30 01:00:00,21.0,65,0.0,7.7,319,0.0,0,Bordeaux,44.8378,-0.5792,open-meteo
2026-06-30 02:00:00,20.3,69,0.0,8.0,333,0.0,0,Bordeaux,44.8378,-0.5792,open-meteo
2026-06-30 03:00:00,20.2,72,0.0,5.6,320,0.0,0,Bordeaux,44.8378,-0.5792,open-meteo
2026-06-30 04:00:00,19.7,75,0.0,5.6,310,0.0,0,Bordeaux,44.8378,-0.5792,open-meteo
2026-06-30 05:00:00,19.5,77,0.0,6.7,306,0.0,0,Bordeaux,44.8378,-0.5792,open-meteo
2026-06-30 06:00:00,19.2,81,0.0,6.8,302,0.0,3,Bordeaux,44.8378,-0.5792,open-meteo
2026-06-30 07:00:00,19.5,82,0.0,5.5,302,10.8,2,Bordeaux,44.8378,-0.5792,open-meteo
2026-06-30 08:00:00,20.6,76,0.0,4.0,297,109.6,0,Bordeaux,44.8378,-0.5792,open-meteo
2026-06-30 09:00:00,22.4,65,0.0,9.2,301,270.8,3,Bordeaux,44.8378,-0.5792,open-meteo
2026-06-30 10:00:00,24.1,57,0.0,10.0,300,443.7,3,Bordeaux,44.8378,-0.5792,open-meteo
2026-06-30 11:00:00,25.6,52,0.0,11.2,291,557.9,3,Bordeaux,44.8378,-0.5792,open-meteo
2026-06-30 12:00:00,27.2,43,0.0,11.2,303,732.3,3,Bordeaux,44.8378,-0.5792,open-meteo
2026-06-30 13:00:00,28.7,41,0.0,11.2,291,827.7,0,Bordeaux,44.8378,-0.5792,open-meteo
2026-06-30 14:00:00,29.9,39,0.0,14.4,307,891.6,3,Bordeaux,44.8378,-0.5792,open-meteo
2026-06-30 15:00:00,30.3,38,0.0,15.5,282,642.7,3,Bordeaux,44.8378,-0.5792,open-meteo
2026-06-30 16:00:00,30.3,37,0.0,18.3,290,791.7,3,Bordeaux,44.8378,-0.5792,open-meteo
2026-06-30 17:00:00,28.9,39,0.0,19.2,287,577.2,3,Bordeaux,44.8378,-0.5792,open-meteo
2026-06-30 18:00:00,28.1,40,0.0,17.5,284,621.9,2,Bordeaux,44.8378,-0.5792,open-meteo
2026-06-30 19:00:00,26.5,46,0.0,17.9,289,485.3,3,Bordeaux,44.8378,-0.5792,open-meteo
2026-06-30 20:00:00,25.0,49,0.0,14.8,288,313.3,1,Bordeaux,44.8378,-0.5792,open-meteo
2026-06-30 21:00:00,23.3,51,0.0,15.3,297,146.0,0,Bordeaux,44.8378,-0.5792,open-meteo
2026-06-30 22:00:00,21.5,61,0.0,12.1,300,24.7,3,Bordeaux,44.8378,-0.5792,open-meteo
2026-06-30 23:00:00,20.5,65,0.0,10.3,299,0.0,0,Bordeaux,44.8378,-0.5792,open-meteo
2026-07-01 00:00:00,20.0,67,0.0,9.0,307,0.0,0,Bordeaux,44.8378,-0.5792,open-meteo
2026-07-01 01:00:00,19.7,71,0.0,7.8,283,0.0,0,Bordeaux,44.8378,-0.5792,open-meteo
2026-07-01 02:00:00,19.3,72,0.0,7.5,287,0.0,3,Bordeaux,44.8378,-0.5792,open-meteo
2026-07-01 03:00:00,19.4,71,0.0,9.8,306,0.0,3,Bordeaux,44.8378,-0.5792,open-meteo
2026-07-01 04:00:00,19.1,73,0.0,6.6,292,0.0,3,Bordeaux,44.8378,-0.5792,open-meteo
2026-07-01 05:00:00,19.1,73,0.0,5.9,281,0.0,3,Bordeaux,44.8378,-0.5792,open-meteo
2026-07-01 06:00:00,18.8,74,0.0,8.4,263,0.0,3,Bordeaux,44.8378,-0.5792,open-meteo
2026-07-01 07:00:00,18.6,75,0.0,7.3,279,10.2,3,Bordeaux,44.8378,-0.5792,open-meteo
2026-07-01 08:00:00,19.4,73,0.0,9.2,309,101.9,3,Bordeaux,44.8378,-0.5792,open-meteo
2026-07-01 09:00:00,20.7,66,0.0,9.6,326,271.0,3,Bordeaux,44.8378,-0.5792,open-meteo
2026-07-01 10:00:00,22.1,57,0.0,13.2,331,448.1,3,Bordeaux,44.8378,-0.5792,open-meteo
2026-07-01 11:00:00,23.5,48,0.0,14.3,321,561.0,3,Bordeaux,44.8378,-0.5792,open-meteo
2026-07-01 12:00:00,24.7,45,0.0,13.8,321,681.9,3,Bordeaux,44.8378,-0.5792,open-meteo
2026-07-01 13:00:00,25.6,42,0.0,14.8,326,746.1,3,Bordeaux,44.8378,-0.5792,open-meteo
2026-07-01 14:00:00,26.3,39,0.0,16.4,320,719.9,3,Bordeaux,44.8378,-0.5792,open-meteo
2026-07-01 15:00:00,27.0,40,0.0,16.2,323,731.5,3,Bordeaux,44.8378,-0.5792,open-meteo
2026-07-01 16:00:00,27.1,41,0.0,14.5,316,612.5,3,Bordeaux,44.8378,-0.5792,open-meteo
2026-07-01 17:00:00,27.2,40,0.0,15.9,327,604.9,3,Bordeaux,44.8378,-0.5792,open-meteo
2026-07-01 18:00:00,26.8,40,0.0,17.4,304,584.9,3,Bordeaux,44.8378,-0.5792,open-meteo
2026-07-01 19:00:00,25.5,44,0.0,17.7,308,467.6,3,Bordeaux,44.8378,-0.5792,open-meteo
2026-07-01 20:00:00,24.4,48,0.0,17.4,297,319.4,3,Bordeaux,44.8378,-0.5792,open-meteo
2026-07-01 21:00:00,22.7,56,0.0,14.4,302,149.7,1,Bordeaux,44.8378,-0.5792,open-meteo
2026-07-01 22:00:00,21.2,62,0.0,10.1,305,25.5,3,Bordeaux,44.8378,-0.5792,open-meteo
2026-07-01 23:00:00,20.3,68,0.0,8.4,295,0.0,0,Bordeaux,44.8378,-0.5792,open-meteo
2026-07-02 00:00:00,19.7,71,0.0,8.0,280,0.0,0,Bordeaux,44.8378,-0.5792,open-meteo
2026-07-02 01:00:00,19.3,76,0.0,8.2,285,0.0,0,Bordeaux,44.8378,-0.5792,open-meteo
2026-07-02 02:00:00,19.0,80,0.0,6.8,288,0.0,0,Bordeaux,44.8378,-0.5792,open-meteo
2026-07-02 03:00:00,18.7,81,0.0,7.8,292,0.0,0,Bordeaux,44.8378,-0.5792,open-meteo
2026-07-02 04:00:00,18.1,84,0.0,6.9,313,0.0,0,Bordeaux,44.8378,-0.5792,open-meteo
2026-07-02 05:00:00,18.0,84,0.0,7.2,333,0.0,0,Bordeaux,44.8378,-0.5792,open-meteo
2026-07-02 06:00:00,17.9,80,0.0,6.5,326,0.0,0,Bordeaux,44.8378,-0.5792,open-meteo
2026-07-02 07:00:00,17.6,82,0.0,7.1,336,10.8,0,Bordeaux,44.8378,-0.5792,open-meteo
2026-07-02 08:00:00,18.7,73,0.0,4.0,350,112.7,0,Bordeaux,44.8378,-0.5792,open-meteo
2026-07-02 09:00:00,20.6,61,0.0,5.8,360,277.8,0,Bordeaux,44.8378,-0.5792,open-meteo
2026-07-02 10:00:00,22.6,52,0.0,4.0,10,456.0,0,Bordeaux,44.8378,-0.5792,open-meteo
2026-07-02 11:00:00,24.6,45,0.0,7.6,355,624.2,0,Bordeaux,44.8378,-0.5792,open-meteo
2026-07-02 12:00:00,26.2,39,0.0,13.2,343,757.3,0,Bordeaux,44.8378,-0.5792,open-meteo
2026-07-02 13:00:00,27.7,34,0.0,12.8,350,843.6,0,Bordeaux,44.8378,-0.5792,open-meteo
2026-07-02 14:00:00,28.7,34,0.0,14.4,347,890.6,0,Bordeaux,44.8378,-0.5792,open-meteo
2026-07-02 15:00:00,29.6,30,0.0,16.6,358,895.3,0,Bordeaux,44.8378,-0.5792,open-meteo
2026-07-02 16:00:00,30.2,29,0.0,16.6,1,857.1,0,Bordeaux,44.8378,-0.5792,open-meteo
2026-07-02 17:00:00,30.4,31,0.0,17.0,355,778.5,0,Bordeaux,44.8378,-0.5792,open-meteo
2026-07-02 18:00:00,29.4,32,0.0,19.6,306,657.6,0,Bordeaux,44.8378,-0.5792,open-meteo
2026-07-02 19:00:00,27.6,38,0.0,17.2,307,496.9,0,Bordeaux,44.8378,-0.5792,open-meteo
2026-07-02 20:00:00,26.1,48,0.0,16.8,312,318.7,0,Bordeaux,44.8378,-0.5792,open-meteo
2026-07-02 21:00:00,24.5,58,0.0,15.8,311,148.1,0,Bordeaux,44.8378,-0.5792,open-meteo
2026-07-02 22:00:00,22.7,68,0.0,12.9,306,24.5,0,Bordeaux,44.8378,-0.5792,open-meteo
2026-07-02 23:00:00,21.5,73,0.0,11.2,312,0.0,0,Bordeaux,44.8378,-0.5792,open-meteo
2026-07-03 00:00:00,20.7,79,0.0,11.8,308,0.0,0,Bordeaux,44.8378,-0.5792,open-meteo
2026-07-03 01:00:00,20.1,83,0.0,9.7,321,0.0,2,Bordeaux,44.8378,-0.5792,open-meteo
2026-07-03 02:00:00,20.0,83,0.0,9.0,323,0.0,3,Bordeaux,44.8378,-0.5792,open-meteo
2026-07-03 03:00:00,20.0,82,0.0,10.2,318,0.0,3,Bordeaux,44.8378,-0.5792,open-meteo
2026-07-03 04:00:00,19.9,82,0.0,10.2,318,0.0,3,Bordeaux,44.8378,-0.5792,open-meteo
2026-07-03 05:00:00,19.8,83,0.0,7.9,317,0.0,3,Bordeaux,44.8378,-0.5792,open-meteo
2026-07-03 06:00:00,19.7,83,0.0,6.4,317,0.0,3,Bordeaux,44.8378,-0.5792,open-meteo
2026-07-03 07:00:00,19.8,83,0.0,8.4,263,3.9,3,Bordeaux,44.8378,-0.5792,open-meteo
2026-07-03 08:00:00,20.3,80,0.0,6.0,287,39.4,3,Bordeaux,44.8378,-0.5792,open-meteo
2026-07-03 09:00:00,21.0,78,0.0,4.4,325,83.3,3,Bordeaux,44.8378,-0.5792,open-meteo
2026-07-03 10:00:00,21.8,74,0.0,4.8,312,153.4,3,Bordeaux,44.8378,-0.5792,open-meteo
2026-07-03 11:00:00,22.9,69,0.0,2.9,360,279.3,3,Bordeaux,44.8378,-0.5792,open-meteo
2026-07-03 12:00:00,23.7,66,0.0,4.2,290,403.5,2,Bordeaux,44.8378,-0.5792,open-meteo
2026-07-03 13:00:00,25.4,59,0.0,1.6,297,653.5,3,Bordeaux,44.8378,-0.5792,open-meteo
2026-07-03 14:00:00,26.8,54,0.0,3.7,281,820.4,3,Bordeaux,44.8378,-0.5792,open-meteo
2026-07-03 15:00:00,28.9,46,0.0,5.2,344,842.6,1,Bordeaux,44.8378,-0.5792,open-meteo
2026-07-03 16:00:00,29.9,40,0.0,7.2,354,800.2,1,Bordeaux,44.8378,-0.5792,open-meteo
2026-07-03 17:00:00,30.8,37,0.0,5.8,4,682.7,2,Bordeaux,44.8378,-0.5792,open-meteo
2026-07-03 18:00:00,31.3,34,0.0,10.6,18,595.7,0,Bordeaux,44.8378,-0.5792,open-meteo
2026-07-03 19:00:00,28.9,45,0.0,18.4,309,456.0,0,Bordeaux,44.8378,-0.5792,open-meteo
2026-07-03 20:00:00,28.3,46,0.0,17.7,299,314.2,0,Bordeaux,44.8378,-0.5792,open-meteo
2026-07-03 21:00:00,27.0,50,0.0,13.6,307,146.4,0,Bordeaux,44.8378,-0.5792,open-meteo
2026-07-03 22:00:00,25.6,54,0.0,10.8,307,24.5,0,Bordeaux,44.8378,-0.5792,open-meteo
2026-07-03 23:00:00,24.1,59,0.0,8.7,308,0.0,0,Bordeaux,44.8378,-0.5792,open-meteo
2026-07-04 00:00:00,23.0,61,0.0,7.4,317,0.0,0,Bordeaux,44.8378,-0.5792,open-meteo
2026-07-04 01:00:00,22.2,61,0.0,6.9,317,0.0,0,Bordeaux,44.8378,-0.5792,open-meteo
2026-07-04 02:00:00,21.4,65,0.0,6.6,319,0.0,0,Bordeaux,44.8378,-0.5792,open-meteo
2026-07-04 03:00:00,20.6,71,0.0,6.0,327,0.0,0,Bordeaux,44.8378,-0.5792,open-meteo
2026-07-04 04:00:00,20.0,76,0.0,7.0,339,0.0,0,Bordeaux,44.8378,-0.5792,open-meteo
2026-07-04 05:00:00,19.6,78,0.0,7.8,347,0.0,0,Bordeaux,44.8378,-0.5792,open-meteo
2026-07-04 06:00:00,19.2,80,0.0,8.1,347,0.0,0,Bordeaux,44.8378,-0.5792,open-meteo
2026-07-04 07:00:00,19.0,81,0.0,7.0,339,10.0,0,Bordeaux,44.8378,-0.5792,open-meteo
2026-07-04 08:00:00,20.4,71,0.0,5.0,360,114.0,0,Bordeaux,44.8378,-0.5792,open-meteo
2026-07-04 09:00:00,23.5,52,0.0,5.9,38,280.9,0,Bordeaux,44.8378,-0.5792,open-meteo
2026-07-04 10:00:00,26.1,40,0.0,8.1,58,459.9,0,Bordeaux,44.8378,-0.5792,open-meteo
2026-07-04 11:00:00,28.1,35,0.0,8.4,43,629.6,0,Bordeaux,44.8378,-0.5792,open-meteo
2026-07-04 12:00:00,29.9,29,0.0,11.4,55,755.6,0,Bordeaux,44.8378,-0.5792,open-meteo
2026-07-04 13:00:00,31.2,25,0.0,11.0,49,842.2,0,Bordeaux,44.8378,-0.5792,open-meteo
2026-07-04 14:00:00,32.2,22,0.0,10.4,20,889.5,0,Bordeaux,44.8378,-0.5792,open-meteo
2026-07-04 15:00:00,33.3,20,0.0,10.1,27,894.1,0,Bordeaux,44.8378,-0.5792,open-meteo
2026-07-04 16:00:00,34.1,18,0.0,10.0,21,856.1,0,Bordeaux,44.8378,-0.5792,open-meteo
2026-07-04 17:00:00,34.6,16,0.0,12.0,9,778.0,0,Bordeaux,44.8378,-0.5792,open-meteo
2026-07-04 18:00:00,34.8,14,0.0,13.4,14,664.7,0,Bordeaux,44.8378,-0.5792,open-meteo
2026-07-04 19:00:00,34.8,13,0.0,15.8,21,513.9,0,Bordeaux,44.8378,-0.5792,open-meteo
2026-07-04 20:00:00,34.4,13,0.0,16.9,20,333.1,0,Bordeaux,44.8378,-0.5792,open-meteo
2026-07-04 21:00:00,31.7,21,0.0,17.1,353,157.6,0,Bordeaux,44.8378,-0.5792,open-meteo
2026-07-04 22:00:00,29.2,26,0.0,14.4,347,26.2,0,Bordeaux,44.8378,-0.5792,open-meteo
2026-07-04 23:00:00,27.5,30,0.0,11.3,351,0.0,0,Bordeaux,44.8378,-0.5792,open-meteo
2026-07-05 00:00:00,26.1,35,0.0,9.1,353,0.0,0,Bordeaux,44.8378,-0.5792,open-meteo
2026-07-05 01:00:00,24.9,42,0.0,7.2,354,0.0,0,Bordeaux,44.8378,-0.5792,open-meteo
2026-07-05 02:00:00,23.9,49,0.0,7.7,349,0.0,0,Bordeaux,44.8378,-0.5792,open-meteo
2026-07-05 03:00:00,22.4,57,0.0,7.2,354,0.0,0,Bordeaux,44.8378,-0.5792,open-meteo
2026-07-05 04:00:00,21.2,62,0.0,6.8,335,0.0,0,Bordeaux,44.8378,-0.5792,open-meteo
2026-07-05 05:00:00,20.5,62,0.0,7.4,337,0.0,0,Bordeaux,44.8378,-0.5792,open-meteo
2026-07-05 06:00:00,20.0,60,0.0,7.8,347,0.0,0,Bordeaux,44.8378,-0.5792,open-meteo
2026-07-05 07:00:00,19.6,60,0.0,5.4,340,9.8,0,Bordeaux,44.8378,-0.5792,open-meteo
2026-07-05 08:00:00,21.0,48,0.0,5.1,356,116.7,0,Bordeaux,44.8378,-0.5792,open-meteo
2026-07-05 09:00:00,24.0,35,0.0,5.9,38,287.2,0,Bordeaux,44.8378,-0.5792,open-meteo
2026-07-05 10:00:00,26.8,29,0.0,6.9,43,467.6,0,Bordeaux,44.8378,-0.5792,open-meteo
2026-07-05 11:00:00,28.5,27,0.0,7.9,60,634.3,0,Bordeaux,44.8378,-0.5792,open-meteo
2026-07-05 12:00:00,30.9,21,0.0,7.6,87,754.4,0,Bordeaux,44.8378,-0.5792,open-meteo
2026-07-05 13:00:00,32.8,17,0.0,7.5,55,841.4,0,Bordeaux,44.8378,-0.5792,open-meteo
2026-07-05 14:00:00,34.2,16,0.0,8.1,69,888.7,0,Bordeaux,44.8378,-0.5792,open-meteo
2026-07-05 15:00:00,35.4,15,0.0,8.1,21,893.5,0,Bordeaux,44.8378,-0.5792,open-meteo
2026-07-05 16:00:00,36.1,15,0.0,6.1,28,855.7,3,Bordeaux,44.8378,-0.5792,open-meteo
2026-07-05 17:00:00,37.0,14,0.0,10.8,21,777.4,0,Bordeaux,44.8378,-0.5792,open-meteo
2026-07-05 18:00:00,37.0,14,0.0,13.5,16,664.2,1,Bordeaux,44.8378,-0.5792,open-meteo
2026-07-05 19:00:00,36.7,16,0.0,15.0,17,504.6,0,Bordeaux,44.8378,-0.5792,open-meteo
2026-07-05 20:00:00,36.3,16,0.0,13.0,24,326.6,0,Bordeaux,44.8378,-0.5792,open-meteo
2026-07-05 21:00:00,35.4,16,0.0,13.5,34,153.4,0,Bordeaux,44.8378,-0.5792,open-meteo
2026-07-05 22:00:00,31.9,31,0.0,13.3,3,25.5,0,Bordeaux,44.8378,-0.5792,open-meteo
2026-07-05 23:00:00,30.2,34,0.0,11.2,4,0.0,0,Bordeaux,44.8378,-0.5792,open-meteo
2026-07-06 00:00:00,28.6,43,0.0,9.0,5,0.0,0,Bordeaux,44.8378,-0.5792,open-meteo
2026-07-06 01:00:00,27.7,40,0.0,7.9,357,0.0,0,Bordeaux,44.8378,-0.5792,open-meteo
2026-07-06 02:00:00,26.8,40,0.0,5.7,325,0.0,0,Bordeaux,44.8378,-0.5792,open-meteo
2026-07-06 03:00:00,26.4,37,0.0,7.6,31,0.0,0,Bordeaux,44.8378,-0.5792,open-meteo
2026-07-06 04:00:00,24.7,46,0.0,6.3,329,0.0,0,Bordeaux,44.8378,-0.5792,open-meteo
2026-07-06 05:00:00,23.8,47,0.0,4.7,337,0.0,0,Bordeaux,44.8378,-0.5792,open-meteo
2026-07-06 06:00:00,23.3,47,0.0,6.2,350,0.0,0,Bordeaux,44.8378,-0.5792,open-meteo
2026-07-06 07:00:00,23.3,46,0.0,5.7,35,9.3,0,Bordeaux,44.8378,-0.5792,open-meteo
2026-07-06 08:00:00,24.8,42,0.0,8.0,80,111.7,0,Bordeaux,44.8378,-0.5792,open-meteo
2026-07-06 09:00:00,27.7,36,0.0,11.5,94,279.1,0,Bordeaux,44.8378,-0.5792,open-meteo
2026-07-06 10:00:00,29.6,32,0.0,16.0,98,461.4,0,Bordeaux,44.8378,-0.5792,open-meteo
2026-07-06 11:00:00,31.1,29,0.0,16.3,104,632.7,0,Bordeaux,44.8378,-0.5792,open-meteo
2026-07-06 12:00:00,33.3,22,0.0,14.5,96,753.5,0,Bordeaux,44.8378,-0.5792,open-meteo
2026-07-06 13:00:00,34.8,19,0.0,12.8,100,840.5,0,Bordeaux,44.8378,-0.5792,open-meteo
2026-07-06 14:00:00,36.5,14,0.0,15.3,99,887.9,0,Bordeaux,44.8378,-0.5792,open-meteo
2026-07-06 15:00:00,38.0,11,0.0,15.5,93,892.9,0,Bordeaux,44.8378,-0.5792,open-meteo
2026-07-06 16:00:00,38.6,10,0.0,14.3,102,854.9,0,Bordeaux,44.8378,-0.5792,open-meteo
2026-07-06 17:00:00,39.0,9,0.0,13.9,100,777.0,0,Bordeaux,44.8378,-0.5792,open-meteo
2026-07-06 18:00:00,39.2,9,0.0,13.0,104,664.0,0,Bordeaux,44.8378,-0.5792,open-meteo
2026-07-06 19:00:00,39.2,9,0.0,12.6,114,516.4,0,Bordeaux,44.8378,-0.5792,open-meteo
2026-07-06 20:00:00,38.7,11,0.0,11.2,123,334.3,0,Bordeaux,44.8378,-0.5792,open-meteo
2026-07-06 21:00:00,37.9,12,0.0,10.2,100,156.1,0,Bordeaux,44.8378,-0.5792,open-meteo
2026-07-06 22:00:00,36.2,13,0.0,11.0,79,25.5,0,Bordeaux,44.8378,-0.5792,open-meteo
2026-07-06 23:00:00,34.6,13,0.0,8.9,76,0.0,0,Bordeaux,44.8378,-0.5792,open-meteo
2026-07-07 00:00:00,33.2,16,0.0,9.4,67,0.0,0,Bordeaux,44.8378,-0.5792,open-meteo
2026-07-07 01:00:00,32.4,15,0.0,13.4,63,0.0,0,Bordeaux,44.8378,-0.5792,open-meteo
2026-07-07 02:00:00,30.9,16,0.0,9.8,73,0.0,0,Bordeaux,44.8378,-0.5792,open-meteo
2026-07-07 03:00:00,29.1,21,0.0,5.7,125,0.0,0,Bordeaux,44.8378,-0.5792,open-meteo
2026-07-07 04:00:00,27.4,24,0.0,2.7,113,0.0,0,Bordeaux,44.8378,-0.5792,open-meteo
2026-07-07 05:00:00,26.9,26,0.0,1.3,124,0.0,0,Bordeaux,44.8378,-0.5792,open-meteo
2026-07-07 06:00:00,26.0,27,0.0,4.3,185,0.0,0,Bordeaux,44.8378,-0.5792,open-meteo
2026-07-07 07:00:00,24.8,32,0.0,6.1,28,9.3,0,Bordeaux,44.8378,-0.5792,open-meteo
2026-07-07 08:00:00,26.6,28,0.0,5.6,117,113.4,0,Bordeaux,44.8378,-0.5792,open-meteo
2026-07-07 09:00:00,28.6,25,0.0,8.5,118,283.2,0,Bordeaux,44.8378,-0.5792,open-meteo
2026-07-07 10:00:00,30.4,23,0.0,8.4,160,466.0,0,Bordeaux,44.8378,-0.5792,open-meteo
2026-07-07 11:00:00,32.1,21,0.0,6.6,158,631.9,0,Bordeaux,44.8378,-0.5792,open-meteo
2026-07-07 12:00:00,33.9,20,0.0,5.2,155,752.5,0,Bordeaux,44.8378,-0.5792,open-meteo
2026-07-07 13:00:00,35.9,16,0.0,8.2,139,839.3,0,Bordeaux,44.8378,-0.5792,open-meteo
2026-07-07 14:00:00,37.7,13,0.0,6.0,107,887.2,2,Bordeaux,44.8378,-0.5792,open-meteo
2026-07-07 15:00:00,39.2,10,0.0,1.8,217,892.6,0,Bordeaux,44.8378,-0.5792,open-meteo
2026-07-07 16:00:00,39.9,9,0.0,0.8,243,854.6,0,Bordeaux,44.8378,-0.5792,open-meteo
2026-07-07 17:00:00,40.7,7,0.0,7.7,79,776.4,0,Bordeaux,44.8378,-0.5792,open-meteo
2026-07-07 18:00:00,40.4,13,0.0,3.3,96,663.4,0,Bordeaux,44.8378,-0.5792,open-meteo
2026-07-07 19:00:00,39.1,17,0.0,15.9,288,503.7,0,Bordeaux,44.8378,-0.5792,open-meteo
2026-07-07 20:00:00,38.1,20,0.0,15.2,277,322.5,0,Bordeaux,44.8378,-0.5792,open-meteo
2026-07-07 21:00:00,34.9,30,0.0,17.0,266,148.9,0,Bordeaux,44.8378,-0.5792,open-meteo
2026-07-07 22:00:00,30.4,48,0.0,15.2,263,23.9,0,Bordeaux,44.8378,-0.5792,open-meteo
2026-07-07 23:00:00,25.8,74,0.0,16.4,261,0.0,0,Bordeaux,44.8378,-0.5792,open-meteo
2026-07-08 00:00:00,25.0,79,0.0,13.0,264,0.0,1,Bordeaux,44.8378,-0.5792,open-meteo
2026-07-08 01:00:00,24.6,79,0.0,10.1,274,0.0,0,Bordeaux,44.8378,-0.5792,open-meteo
2026-07-08 02:00:00,24.3,79,0.0,6.3,329,0.0,0,Bordeaux,44.8378,-0.5792,open-meteo
2026-07-08 03:00:00,24.2,79,0.0,2.3,252,0.0,1,Bordeaux,44.8378,-0.5792,open-meteo
2026-07-08 04:00:00,23.4,81,0.0,6.1,220,0.0,0,Bordeaux,44.8378,-0.5792,open-meteo
2026-07-08 05:00:00,21.8,87,0.0,9.2,228,0.0,0,Bordeaux,44.8378,-0.5792,open-meteo
2026-07-08 06:00:00,21.4,89,0.0,10.5,232,0.0,3,Bordeaux,44.8378,-0.5792,open-meteo
2026-07-08 07:00:00,21.5,89,0.0,8.0,243,3.9,3,Bordeaux,44.8378,-0.5792,open-meteo
2026-07-08 08:00:00,22.6,83,0.0,7.9,246,59.4,1,Bordeaux,44.8378,-0.5792,open-meteo
2026-07-08 09:00:00,24.6,75,0.0,8.0,260,218.4,1,Bordeaux,44.8378,-0.5792,open-meteo
2026-07-08 10:00:00,26.5,66,0.0,10.4,272,430.4,0,Bordeaux,44.8378,-0.5792,open-meteo
2026-07-08 11:00:00,28.6,57,0.0,7.2,267,604.9,0,Bordeaux,44.8378,-0.5792,open-meteo
2026-07-08 12:00:00,30.7,48,0.0,3.7,299,748.5,0,Bordeaux,44.8378,-0.5792,open-meteo
2026-07-08 13:00:00,33.1,38,0.0,4.6,288,838.3,0,Bordeaux,44.8378,-0.5792,open-meteo
2026-07-08 14:00:00,35.1,31,0.0,3.8,311,886.4,0,Bordeaux,44.8378,-0.5792,open-meteo
2026-07-08 15:00:00,36.6,26,0.0,2.6,326,891.8,0,Bordeaux,44.8378,-0.5792,open-meteo
2026-07-08 16:00:00,37.9,22,0.0,6.3,13,854.2,0,Bordeaux,44.8378,-0.5792,open-meteo
2026-07-08 17:00:00,37.9,22,0.0,10.5,354,775.8,0,Bordeaux,44.8378,-0.5792,open-meteo
2026-07-08 18:00:00,38.3,19,0.0,12.2,360,653.5,0,Bordeaux,44.8378,-0.5792,open-meteo
2026-07-08 19:00:00,37.4,23,0.0,15.7,11,492.5,0,Bordeaux,44.8378,-0.5792,open-meteo
2026-07-08 20:00:00,35.2,36,0.0,15.5,342,314.0,0,Bordeaux,44.8378,-0.5792,open-meteo
2026-07-08 21:00:00,33.8,38,0.0,11.5,356,145.8,0,Bordeaux,44.8378,-0.5792,open-meteo
2026-07-08 22:00:00,30.7,49,0.0,10.3,324,22.4,0,Bordeaux,44.8378,-0.5792,open-meteo
2026-07-08 23:00:00,28.5,53,0.0,9.1,342,0.0,0,Bordeaux,44.8378,-0.5792,open-meteo
2026-07-09 00:00:00,27.4,59,0.0,7.5,325,0.0,0,Bordeaux,44.8378,-0.5792,open-meteo
2026-07-09 01:00:00,26.3,65,0.0,6.7,324,0.0,0,Bordeaux,44.8378,-0.5792,open-meteo
2026-07-09 02:00:00,24.7,74,0.0,6.1,315,0.0,0,Bordeaux,44.8378,-0.5792,open-meteo
2026-07-09 03:00:00,24.1,79,0.0,6.4,286,0.0,0,Bordeaux,44.8378,-0.5792,open-meteo
2026-07-09 04:00:00,22.9,87,0.0,7.7,323,0.0,0,Bordeaux,44.8378,-0.5792,open-meteo
2026-07-09 05:00:00,22.7,88,0.0,8.7,263,0.0,1,Bordeaux,44.8378,-0.5792,open-meteo
2026-07-09 06:00:00,22.3,93,0.0,7.6,275,0.0,2,Bordeaux,44.8378,-0.5792,open-meteo
2026-07-09 07:00:00,22.0,87,0.0,6.3,347,4.6,0,Bordeaux,44.8378,-0.5792,open-meteo
2026-07-09 08:00:00,22.3,87,0.0,7.0,35,85.6,0,Bordeaux,44.8378,-0.5792,open-meteo
2026-07-09 09:00:00,23.8,78,0.0,7.9,51,246.9,0,Bordeaux,44.8378,-0.5792,open-meteo
2026-07-09 10:00:00,26.7,60,0.0,2.4,153,439.0,0,Bordeaux,44.8378,-0.5792,open-meteo
2026-07-09 11:00:00,29.1,49,0.0,5.1,172,611.1,0,Bordeaux,44.8378,-0.5792,open-meteo
2026-07-09 12:00:00,31.3,40,0.0,5.9,191,750.2,0,Bordeaux,44.8378,-0.5792,open-meteo
2026-07-09 13:00:00,33.8,29,0.0,5.0,90,837.6,0,Bordeaux,44.8378,-0.5792,open-meteo
2026-07-09 14:00:00,35.3,25,0.0,5.9,79,885.6,0,Bordeaux,44.8378,-0.5792,open-meteo
2026-07-09 15:00:00,36.6,21,0.0,6.4,52,891.0,0,Bordeaux,44.8378,-0.5792,open-meteo
2026-07-09 16:00:00,37.6,17,0.0,10.0,64,853.4,0,Bordeaux,44.8378,-0.5792,open-meteo
2026-07-09 17:00:00,38.5,16,0.0,4.8,77,775.1,0,Bordeaux,44.8378,-0.5792,open-meteo
2026-07-09 18:00:00,38.9,15,0.0,8.4,25,661.8,0,Bordeaux,44.8378,-0.5792,open-meteo
2026-07-09 19:00:00,38.8,15,0.0,9.2,21,499.2,0,Bordeaux,44.8378,-0.5792,open-meteo
2026-07-09 20:00:00,37.9,19,0.0,10.7,348,321.0,0,Bordeaux,44.8378,-0.5792,open-meteo
2026-07-09 21:00:00,37.2,20,0.0,5.2,25,148.9,0,Bordeaux,44.8378,-0.5792,open-meteo
2026-07-09 22:00:00,34.8,26,0.0,10.8,358,23.3,0,Bordeaux,44.8378,-0.5792,open-meteo
2026-07-09 23:00:00,33.6,28,0.0,9.5,9,0.0,0,Bordeaux,44.8378,-0.5792,open-meteo
2026-07-10 00:00:00,32.2,34,0.0,6.6,338,0.0,3,Bordeaux,44.8378,-0.5792,open-meteo
2026-07-10 01:00:00,31.0,35,0.0,7.3,9,0.0,3,Bordeaux,44.8378,-0.5792,open-meteo
2026-07-10 02:00:00,30.1,36,0.0,4.5,346,0.0,0,Bordeaux,44.8378,-0.5792,open-meteo
2026-07-10 03:00:00,28.5,44,0.0,5.8,330,0.0,1,Bordeaux,44.8378,-0.5792,open-meteo
2026-07-10 04:00:00,27.1,54,0.0,6.1,267,0.0,0,Bordeaux,44.8378,-0.5792,open-meteo
2026-07-10 05:00:00,25.2,70,0.0,7.1,229,0.0,0,Bordeaux,44.8378,-0.5792,open-meteo
2026-07-10 06:00:00,24.8,71,0.0,3.0,346,0.0,0,Bordeaux,44.8378,-0.5792,open-meteo
2026-07-10 07:00:00,24.6,70,0.0,7.2,27,6.9,2,Bordeaux,44.8378,-0.5792,open-meteo
2026-07-10 08:00:00,23.9,84,0.0,8.9,207,103.4,0,Bordeaux,44.8378,-0.5792,open-meteo
2026-07-10 09:00:00,25.6,72,0.0,10.0,232,263.1,3,Bordeaux,44.8378,-0.5792,open-meteo
2026-07-10 10:00:00,28.2,56,0.0,6.7,254,437.5,3,Bordeaux,44.8378,-0.5792,open-meteo
2026-07-10 11:00:00,30.5,49,0.0,4.9,253,606.5,3,Bordeaux,44.8378,-0.5792,open-meteo
2026-07-10 12:00:00,32.8,39,0.0,4.6,315,746.7,3,Bordeaux,44.8378,-0.5792,open-meteo
2026-07-10 13:00:00,35.1,31,0.0,1.3,326,836.6,2,Bordeaux,44.8378,-0.5792,open-meteo
2026-07-10 14:00:00,36.5,26,0.0,1.8,127,884.8,0,Bordeaux,44.8378,-0.5792,open-meteo
2026-07-10 15:00:00,37.6,20,0.0,8.8,161,890.2,0,Bordeaux,44.8378,-0.5792,open-meteo
2026-07-10 16:00:00,38.4,20,0.0,3.1,144,852.6,3,Bordeaux,44.8378,-0.5792,open-meteo
2026-07-10 17:00:00,38.0,27,0.0,9.3,286,774.7,0,Bordeaux,44.8378,-0.5792,open-meteo
2026-07-10 18:00:00,38.2,23,0.0,3.8,319,566.6,3,Bordeaux,44.8378,-0.5792,open-meteo
2026-07-10 19:00:00,36.3,36,0.0,14.2,279,466.8,0,Bordeaux,44.8378,-0.5792,open-meteo
2026-07-10 20:00:00,33.7,46,0.0,18.1,257,175.0,3,Bordeaux,44.8378,-0.5792,open-meteo
2026-07-10 21:00:00,27.1,52,0.0,10.7,138,72.5,53,Bordeaux,44.8378,-0.5792,open-meteo
2026-07-10 22:00:00,30.6,35,0.0,26.9,250,5.4,3,Bordeaux,44.8378,-0.5792,open-meteo
2026-07-10 23:00:00,29.2,38,0.3,8.4,50,0.0,3,Bordeaux,44.8378,-0.5792,open-meteo
2026-07-11 00:00:00,29.1,36,1.1,5.7,35,0.0,65,Bordeaux,44.8378,-0.5792,open-meteo
2026-07-11 01:00:00,27.6,42,0.0,16.1,10,0.0,51,Bordeaux,44.8378,-0.5792,open-meteo
2026-07-11 02:00:00,27.1,41,0.0,5.4,82,0.0,3,Bordeaux,44.8378,-0.5792,open-meteo
2026-07-11 03:00:00,24.4,62,0.0,8.6,213,0.0,3,Bordeaux,44.8378,-0.5792,open-meteo
2026-07-11 04:00:00,24.3,59,0.0,9.7,180,0.0,51,Bordeaux,44.8378,-0.5792,open-meteo
2026-07-11 05:00:00,24.3,62,0.0,3.9,124,0.0,3,Bordeaux,44.8378,-0.5792,open-meteo
2026-07-11 06:00:00,24.0,61,0.0,8.9,194,0.0,1,Bordeaux,44.8378,-0.5792,open-meteo
2026-07-11 07:00:00,23.9,68,0.0,8.9,153,5.4,3,Bordeaux,44.8378,-0.5792,open-meteo
2026-07-11 08:00:00,23.6,68,0.1,8.1,58,52.5,3,Bordeaux,44.8378,-0.5792,open-meteo
2026-07-11 09:00:00,25.0,62,0.0,10.1,35,191.4,0,Bordeaux,44.8378,-0.5792,open-meteo
2026-07-11 10:00:00,26.4,56,0.0,11.9,25,425.9,0,Bordeaux,44.8378,-0.5792,open-meteo
2026-07-11 11:00:00,28.3,49,0.0,10.4,34,601.9,0,Bordeaux,44.8378,-0.5792,open-meteo
2026-07-11 12:00:00,31.0,40,0.0,9.2,59,744.4,0,Bordeaux,44.8378,-0.5792,open-meteo
2026-07-11 13:00:00,32.7,34,0.0,9.1,81,835.6,0,Bordeaux,44.8378,-0.5792,open-meteo
2026-07-11 14:00:00,34.3,30,0.0,8.6,75,883.9,0,Bordeaux,44.8378,-0.5792,open-meteo
2026-07-11 15:00:00,35.4,28,0.0,11.7,79,889.5,0,Bordeaux,44.8378,-0.5792,open-meteo
2026-07-11 16:00:00,36.2,25,0.0,13.2,79,851.9,3,Bordeaux,44.8378,-0.5792,open-meteo
2026-07-11 17:00:00,37.0,21,0.0,13.0,84,773.9,0,Bordeaux,44.8378,-0.5792,open-meteo
2026-07-11 18:00:00,37.2,21,0.0,11.6,68,651.4,0,Bordeaux,44.8378,-0.5792,open-meteo
2026-07-11 19:00:00,37.2,21,0.0,13.2,79,490.0,0,Bordeaux,44.8378,-0.5792,open-meteo
2026-07-11 20:00:00,36.8,23,0.0,11.8,78,313.9,0,Bordeaux,44.8378,-0.5792,open-meteo
2026-07-11 21:00:00,36.3,22,0.0,10.4,92,145.1,0,Bordeaux,44.8378,-0.5792,open-meteo
2026-07-11 22:00:00,33.9,28,0.0,18.7,106,21.6,0,Bordeaux,44.8378,-0.5792,open-meteo
2026-07-11 23:00:00,32.7,32,0.0,6.6,81,0.0,0,Bordeaux,44.8378,-0.5792,open-meteo
2026-07-12 00:00:00,31.8,31,0.0,12.2,104,0.0,0,Bordeaux,44.8378,-0.5792,open-meteo
2026-07-12 01:00:00,30.7,32,0.0,11.1,115,0.0,0,Bordeaux,44.8378,-0.5792,open-meteo
2026-07-12 02:00:00,29.9,33,0.0,12.0,123,0.0,0,Bordeaux,44.8378,-0.5792,open-meteo
2026-07-12 03:00:00,28.5,36,0.0,7.1,105,0.0,0,Bordeaux,44.8378,-0.5792,open-meteo
2026-07-12 04:00:00,26.6,44,0.0,7.4,104,0.0,3,Bordeaux,44.8378,-0.5792,open-meteo
2026-07-12 05:00:00,25.9,46,0.0,8.0,82,0.0,0,Bordeaux,44.8378,-0.5792,open-meteo
2026-07-12 06:00:00,25.4,47,0.0,8.6,88,0.0,0,Bordeaux,44.8378,-0.5792,open-meteo
2026-07-12 07:00:00,24.7,50,0.0,8.3,95,6.2,3,Bordeaux,44.8378,-0.5792,open-meteo
2026-07-12 08:00:00,25.3,49,0.0,10.8,111,98.6,0,Bordeaux,44.8378,-0.5792,open-meteo
2026-07-12 09:00:00,27.0,47,0.0,13.6,107,263.1,0,Bordeaux,44.8378,-0.5792,open-meteo
2026-07-12 10:00:00,29.6,42,0.0,14.4,112,441.2,0,Bordeaux,44.8378,-0.5792,open-meteo
2026-07-12 11:00:00,31.5,36,0.0,13.9,121,608.8,0,Bordeaux,44.8378,-0.5792,open-meteo
2026-07-12 12:00:00,33.9,32,0.0,14.1,93,746.7,3,Bordeaux,44.8378,-0.5792,open-meteo
2026-07-12 13:00:00,36.0,26,0.0,15.4,101,832.6,3,Bordeaux,44.8378,-0.5792,open-meteo
2026-07-12 14:00:00,37.7,21,0.0,18.7,92,882.7,3,Bordeaux,44.8378,-0.5792,open-meteo
2026-07-12 15:00:00,38.6,18,0.0,17.3,94,888.7,1,Bordeaux,44.8378,-0.5792,open-meteo
2026-07-12 16:00:00,39.4,16,0.0,18.0,87,851.1,3,Bordeaux,44.8378,-0.5792,open-meteo
2026-07-12 17:00:00,39.9,17,0.0,19.2,95,771.8,0,Bordeaux,44.8378,-0.5792,open-meteo
2026-07-12 18:00:00,40.3,15,0.0,19.1,89,652.0,3,Bordeaux,44.8378,-0.5792,open-meteo
2026-07-12 19:00:00,40.4,14,0.0,20.5,80,489.2,0,Bordeaux,44.8378,-0.5792,open-meteo
2026-07-12 20:00:00,40.1,14,0.0,14.1,71,309.2,3,Bordeaux,44.8378,-0.5792,open-meteo
2026-07-12 21:00:00,39.4,16,0.0,6.4,74,121.3,0,Bordeaux,44.8378,-0.5792,open-meteo
2026-07-12 22:00:00,37.6,17,0.0,14.3,115,21.0,3,Bordeaux,44.8378,-0.5792,open-meteo
2026-07-12 23:00:00,31.9,48,0.0,13.9,201,0.0,0,Bordeaux,44.8378,-0.5792,open-meteo
2026-07-13 00:00:00,33.9,28,0.0,15.0,153,0.0,0,Bordeaux,44.8378,-0.5792,open-meteo
2026-07-13 01:00:00,30.3,50,0.0,14.6,220,0.0,0,Bordeaux,44.8378,-0.5792,open-meteo
2026-07-13 02:00:00,27.7,59,0.0,11.3,292,0.0,0,Bordeaux,44.8378,-0.5792,open-meteo
2026-07-13 03:00:00,26.8,60,0.0,10.9,304,0.0,3,Bordeaux,44.8378,-0.5792,open-meteo
2026-07-13 04:00:00,26.2,60,0.0,9.4,310,0.0,0,Bordeaux,44.8378,-0.5792,open-meteo
2026-07-13 05:00:00,26.0,60,0.0,4.8,297,0.0,0,Bordeaux,44.8378,-0.5792,open-meteo
2026-07-13 06:00:00,25.9,60,0.0,12.8,232,0.0,0,Bordeaux,44.8378,-0.5792,open-meteo
2026-07-13 07:00:00,24.8,71,0.0,14.9,250,5.4,0,Bordeaux,44.8378,-0.5792,open-meteo
2026-07-13 08:00:00,24.9,75,0.0,15.7,250,94.3,0,Bordeaux,44.8378,-0.5792,open-meteo
2026-07-13 09:00:00,25.8,71,0.0,14.3,245,251.5,2,Bordeaux,44.8378,-0.5792,open-meteo
2026-07-13 10:00:00,27.0,64,0.0,13.3,232,423.6,0,Bordeaux,44.8378,-0.5792,open-meteo
2026-07-13 11:00:00,28.3,58,0.0,14.8,225,532.4,2,Bordeaux,44.8378,-0.5792,open-meteo
2026-07-13 12:00:00,29.6,53,0.0,15.1,230,720.9,3,Bordeaux,44.8378,-0.5792,open-meteo
2026-07-13 13:00:00,30.7,48,0.0,12.9,257,832.6,3,Bordeaux,44.8378,-0.5792,open-meteo
2026-07-13 14:00:00,30.7,50,0.0,10.0,257,828.7,3,Bordeaux,44.8378,-0.5792,open-meteo
2026-07-13 15:00:00,32.7,42,0.0,10.6,260,887.7,1,Bordeaux,44.8378,-0.5792,open-meteo
2026-07-13 16:00:00,32.7,42,0.0,12.0,261,850.3,3,Bordeaux,44.8378,-0.5792,open-meteo
2026-07-13 17:00:00,33.0,42,0.0,14.9,262,732.8,3,Bordeaux,44.8378,-0.5792,open-meteo
2026-07-13 18:00:00,32.8,40,0.0,9.4,263,622.7,3,Bordeaux,44.8378,-0.5792,open-meteo
2026-07-13 19:00:00,32.4,41,0.0,11.6,292,475.9,0,Bordeaux,44.8378,-0.5792,open-meteo
2026-07-13 20:00:00,31.5,44,0.0,11.5,290,302.5,3,Bordeaux,44.8378,-0.5792,open-meteo
2026-07-13 21:00:00,30.1,45,0.0,8.4,310,119.6,3,Bordeaux,44.8378,-0.5792,open-meteo
2026-07-13 22:00:00,27.5,56,0.0,8.2,345,20.1,3,Bordeaux,44.8378,-0.5792,open-meteo
2026-07-13 23:00:00,26.0,64,0.0,6.7,344,0.0,2,Bordeaux,44.8378,-0.5792,open-meteo
2026-07-14 00:00:00,25.3,67,0.0,5.0,330,0.0,3,Bordeaux,44.8378,-0.5792,open-meteo
2026-07-14 01:00:00,24.6,71,0.0,5.6,315,0.0,3,Bordeaux,44.8378,-0.5792,open-meteo
2026-07-14 02:00:00,24.1,71,0.0,4.4,351,0.0,2,Bordeaux,44.8378,-0.5792,open-meteo
2026-07-14 03:00:00,23.4,74,0.0,6.5,3,0.0,3,Bordeaux,44.8378,-0.5792,open-meteo
2026-07-14 04:00:00,23.3,73,0.0,8.5,28,0.0,3,Bordeaux,44.8378,-0.5792,open-meteo
2026-07-14 05:00:00,22.4,82,0.0,7.7,332,0.0,2,Bordeaux,44.8378,-0.5792,open-meteo
2026-07-14 06:00:00,21.7,86,0.0,6.1,357,0.0,3,Bordeaux,44.8378,-0.5792,open-meteo
2026-07-14 07:00:00,21.5,89,0.0,6.8,360,5.4,3,Bordeaux,44.8378,-0.5792,open-meteo
2026-07-14 08:00:00,21.9,87,0.0,7.9,3,82.0,3,Bordeaux,44.8378,-0.5792,open-meteo
2026-07-14 09:00:00,23.7,76,0.0,7.1,30,236.1,3,Bordeaux,44.8378,-0.5792,open-meteo
2026-07-14 10:00:00,26.0,61,0.0,7.4,29,425.0,3,Bordeaux,44.8378,-0.5792,open-meteo
2026-07-14 11:00:00,28.5,48,0.0,6.0,33,584.1,3,Bordeaux,44.8378,-0.5792,open-meteo
2026-07-14 12:00:00,31.2,38,0.0,5.5,67,724.5,3,Bordeaux,44.8378,-0.5792,open-meteo
2026-07-14 13:00:00,32.5,40,0.0,8.3,108,821.0,3,Bordeaux,44.8378,-0.5792,open-meteo
2026-07-14 14:00:00,33.5,38,0.0,9.7,135,880.8,3,Bordeaux,44.8378,-0.5792,open-meteo
2026-07-14 15:00:00,34.5,38,0.0,6.5,124,887.0,0,Bordeaux,44.8378,-0.5792,open-meteo
2026-07-14 16:00:00,35.4,35,0.0,7.4,67,849.5,0,Bordeaux,44.8378,-0.5792,open-meteo
2026-07-14 17:00:00,36.2,33,0.0,13.0,5,767.0,3,Bordeaux,44.8378,-0.5792,open-meteo
2026-07-14 18:00:00,36.2,33,0.0,10.8,26,634.3,3,Bordeaux,44.8378,-0.5792,open-meteo
2026-07-14 19:00:00,36.1,32,0.0,10.2,45,470.7,3,Bordeaux,44.8378,-0.5792,open-meteo
2026-07-14 20:00:00,35.9,29,0.0,14.2,24,304.2,0,Bordeaux,44.8378,-0.5792,open-meteo
2026-07-14 21:00:00,35.3,31,0.0,11.8,23,138.9,0,Bordeaux,44.8378,-0.5792,open-meteo
2026-07-14 22:00:00,33.3,35,0.0,14.8,357,19.3,0,Bordeaux,44.8378,-0.5792,open-meteo
2026-07-14 23:00:00,32.0,39,0.0,13.3,2,0.0,0,Bordeaux,44.8378,-0.5792,open-meteo
2026-07-15 00:00:00,30.2,49,0.0,10.2,350,0.0,0,Bordeaux,44.8378,-0.5792,open-meteo
2026-07-15 01:00:00,29.9,48,0.0,11.6,338,0.0,0,Bordeaux,44.8378,-0.5792,open-meteo
2026-07-15 02:00:00,28.8,49,0.0,6.8,3,0.0,1,Bordeaux,44.8378,-0.5792,open-meteo
2026-07-15 03:00:00,28.2,49,0.0,16.2,12,0.0,0,Bordeaux,44.8378,-0.5792,open-meteo
2026-07-15 04:00:00,25.9,56,0.0,15.8,12,0.0,2,Bordeaux,44.8378,-0.5792,open-meteo
2026-07-15 05:00:00,26.2,56,0.0,5.1,352,0.0,3,Bordeaux,44.8378,-0.5792,open-meteo
2026-07-15 06:00:00,25.7,58,0.0,5.0,30,0.0,2,Bordeaux,44.8378,-0.5792,open-meteo
2026-07-15 07:00:00,25.4,64,0.0,5.4,42,4.6,1,Bordeaux,44.8378,-0.5792,open-meteo
2026-07-15 08:00:00,26.7,55,0.0,6.3,103,89.5,3,Bordeaux,44.8378,-0.5792,open-meteo
2026-07-15 09:00:00,28.7,43,0.0,12.5,108,243.6,0,Bordeaux,44.8378,-0.5792,open-meteo
2026-07-15 10:00:00,28.0,47,0.0,11.2,327,422.6,3,Bordeaux,44.8378,-0.5792,open-meteo
2026-07-15 11:00:00,27.4,53,0.0,12.3,355,513.9,1,Bordeaux,44.8378,-0.5792,open-meteo
2026-07-15 12:00:00,29.7,45,0.0,8.6,33,523.3,2,Bordeaux,44.8378,-0.5792,open-meteo
2026-07-15 13:00:00,31.1,40,0.0,8.9,40,776.2,2,Bordeaux,44.8378,-0.5792,open-meteo
2026-07-15 14:00:00,32.6,34,0.0,6.4,43,880.0,3,Bordeaux,44.8378,-0.5792,open-meteo
2026-07-15 15:00:00,34.4,34,0.0,5.5,169,856.5,3,Bordeaux,44.8378,-0.5792,open-meteo
2026-07-15 16:00:00,34.8,33,0.0,5.4,143,751.5,3,Bordeaux,44.8378,-0.5792,open-meteo
2026-07-15 17:00:00,34.0,40,0.0,22.9,251,696.8,1,Bordeaux,44.8378,-0.5792,open-meteo
2026-07-15 18:00:00,32.4,45,0.0,16.2,269,637.3,0,Bordeaux,44.8378,-0.5792,open-meteo
2026-07-15 19:00:00,31.9,44,0.0,14.0,282,477.0,0,Bordeaux,44.8378,-0.5792,open-meteo
2026-07-15 20:00:00,31.7,40,0.0,13.3,289,306.3,0,Bordeaux,44.8378,-0.5792,open-meteo
2026-07-15 21:00:00,30.1,48,0.0,12.4,300,128.1,3,Bordeaux,44.8378,-0.5792,open-meteo
2026-07-15 22:00:00,28.4,52,0.0,8.0,297,17.7,3,Bordeaux,44.8378,-0.5792,open-meteo
2026-07-15 23:00:00,27.5,56,0.0,5.4,262,0.0,3,Bordeaux,44.8378,-0.5792,open-meteo
2026-07-16 00:00:00,26.7,60,0.0,5.6,255,0.0,0,Bordeaux,44.8378,-0.5792,open-meteo
2026-07-16 01:00:00,25.9,66,0.0,9.7,219,0.0,3,Bordeaux,44.8378,-0.5792,open-meteo
2026-07-16 02:00:00,24.8,76,0.0,8.4,239,0.0,3,Bordeaux,44.8378,-0.5792,open-meteo
2026-07-16 03:00:00,24.1,83,0.0,5.6,297,0.0,3,Bordeaux,44.8378,-0.5792,open-meteo
2026-07-16 04:00:00,23.6,87,0.0,6.9,261,0.0,1,Bordeaux,44.8378,-0.5792,open-meteo
2026-07-16 05:00:00,23.5,87,0.0,6.7,254,0.0,3,Bordeaux,44.8378,-0.5792,open-meteo
2026-07-16 06:00:00,23.2,89,0.0,5.5,281,0.0,3,Bordeaux,44.8378,-0.5792,open-meteo
2026-07-16 07:00:00,23.3,89,0.0,4.8,318,3.1,3,Bordeaux,44.8378,-0.5792,open-meteo
2026-07-16 08:00:00,23.6,85,0.0,1.8,323,37.8,3,Bordeaux,44.8378,-0.5792,open-meteo
2026-07-16 09:00:00,24.9,77,0.0,2.9,270,212.2,3,Bordeaux,44.8378,-0.5792,open-meteo
2026-07-16 10:00:00,26.4,69,0.0,0.8,333,419.8,0,Bordeaux,44.8378,-0.5792,open-meteo
2026-07-16 11:00:00,28.0,61,0.0,3.6,186,584.1,0,Bordeaux,44.8378,-0.5792,open-meteo
2026-07-16 12:00:00,30.0,52,0.0,1.5,76,724.3,0,Bordeaux,44.8378,-0.5792,open-meteo
2026-07-16 13:00:00,31.7,46,0.0,4.5,209,828.7,1,Bordeaux,44.8378,-0.5792,open-meteo
2026-07-16 14:00:00,33.1,41,0.0,5.2,168,846.3,2,Bordeaux,44.8378,-0.5792,open-meteo
2026-07-16 15:00:00,33.6,40,0.0,7.4,231,756.2,3,Bordeaux,44.8378,-0.5792,open-meteo
2026-07-16 16:00:00,32.7,43,0.0,15.5,274,747.1,2,Bordeaux,44.8378,-0.5792,open-meteo
2026-07-16 17:00:00,32.4,44,0.0,14.9,263,706.0,1,Bordeaux,44.8378,-0.5792,open-meteo
2026-07-16 18:00:00,31.9,45,0.0,15.8,291,574.1,1,Bordeaux,44.8378,-0.5792,open-meteo
2026-07-16 19:00:00,30.8,48,0.0,14.2,300,471.3,0,Bordeaux,44.8378,-0.5792,open-meteo
2026-07-16 20:00:00,29.7,51,0.0,13.7,305,300.3,0,Bordeaux,44.8378,-0.5792,open-meteo
2026-07-16 21:00:00,26.9,61,0.0,13.8,298,133.7,0,Bordeaux,44.8378,-0.5792,open-meteo
2026-07-16 22:00:00,25.7,67,0.0,11.8,282,17.7,0,Bordeaux,44.8378,-0.5792,open-meteo
2026-07-16 23:00:00,24.7,73,0.0,9.5,323,0.0,3,Bordeaux,44.8378,-0.5792,open-meteo
2026-07-17 00:00:00,24.2,76,0.0,18.5,299,0.0,3,Bordeaux,44.8378,-0.5792,open-meteo
2026-07-17 01:00:00,24.3,76,0.0,9.7,285,0.0,3,Bordeaux,44.8378,-0.5792,open-meteo
2026-07-17 02:00:00,24.4,74,0.0,6.6,158,0.0,0,Bordeaux,44.8378,-0.5792,open-meteo
2026-07-17 03:00:00,23.5,79,0.0,9.3,254,0.0,0,Bordeaux,44.8378,-0.5792,open-meteo
2026-07-17 04:00:00,23.3,83,0.0,7.2,252,0.0,3,Bordeaux,44.8378,-0.5792,open-meteo
2026-07-17 05:00:00,22.9,83,0.0,8.4,230,0.0,1,Bordeaux,44.8378,-0.5792,open-meteo
2026-07-17 06:00:00,22.6,83,0.0,9.1,277,0.0,1,Bordeaux,44.8378,-0.5792,open-meteo
2026-07-17 07:00:00,22.5,84,0.0,4.3,185,3.9,0,Bordeaux,44.8378,-0.5792,open-meteo
2026-07-17 08:00:00,22.9,80,0.0,5.4,233,33.2,3,Bordeaux,44.8378,-0.5792,open-meteo
2026-07-17 09:00:00,23.9,75,0.0,7.6,245,85.1,3,Bordeaux,44.8378,-0.5792,open-meteo
2026-07-17 10:00:00,25.4,64,0.0,10.1,268,327.9,2,Bordeaux,44.8378,-0.5792,open-meteo
2026-07-17 11:00:00,26.7,58,0.0,11.2,270,464.3,2,Bordeaux,44.8378,-0.5792,open-meteo
2026-07-17 12:00:00,28.3,49,0.0,9.6,283,684.4,2,Bordeaux,44.8378,-0.5792,open-meteo
2026-07-17 13:00:00,29.5,42,0.0,10.5,286,604.9,3,Bordeaux,44.8378,-0.5792,open-meteo
2026-07-17 14:00:00,29.4,40,0.0,10.3,306,679.0,3,Bordeaux,44.8378,-0.5792,open-meteo
2026-07-17 15:00:00,29.8,41,0.0,12.2,304,706.6,51,Bordeaux,44.8378,-0.5792,open-meteo
2026-07-17 16:00:00,30.7,37,0.0,12.4,296,726.1,3,Bordeaux,44.8378,-0.5792,open-meteo
2026-07-17 17:00:00,30.5,38,0.0,14.0,296,615.9,3,Bordeaux,44.8378,-0.5792,open-meteo
2026-07-17 18:00:00,29.4,42,0.0,17.2,303,430.7,3,Bordeaux,44.8378,-0.5792,open-meteo
2026-07-17 19:00:00,28.6,44,0.0,16.3,305,472.2,0,Bordeaux,44.8378,-0.5792,open-meteo
2026-07-17 20:00:00,27.6,49,0.0,15.5,316,302.5,2,Bordeaux,44.8378,-0.5792,open-meteo
2026-07-17 21:00:00,26.2,53,0.0,12.8,310,132.1,3,Bordeaux,44.8378,-0.5792,open-meteo
2026-07-17 22:00:00,24.8,60,0.0,10.2,309,16.8,0,Bordeaux,44.8378,-0.5792,open-meteo
2026-07-17 23:00:00,23.6,68,0.0,8.1,315,0.0,1,Bordeaux,44.8378,-0.5792,open-meteo
2026-07-18 00:00:00,23.0,72,0.0,7.0,325,0.0,3,Bordeaux,44.8378,-0.5792,open-meteo
2026-07-18 01:00:00,22.3,76,0.0,5.5,302,0.0,3,Bordeaux,44.8378,-0.5792,open-meteo
2026-07-18 02:00:00,21.8,80,0.0,6.5,289,0.0,2,Bordeaux,44.8378,-0.5792,open-meteo
2026-07-18 03:00:00,21.3,83,0.0,6.2,306,0.0,3,Bordeaux,44.8378,-0.5792,open-meteo
2026-07-18 04:00:00,20.8,85,0.0,6.1,320,0.0,3,Bordeaux,44.8378,-0.5792,open-meteo
2026-07-18 05:00:00,20.3,88,0.0,4.8,333,0.0,3,Bordeaux,44.8378,-0.5792,open-meteo
2026-07-18 06:00:00,20.0,89,0.0,3.4,328,0.0,0,Bordeaux,44.8378,-0.5792,open-meteo
2026-07-18 07:00:00,19.7,89,0.0,4.1,315,3.1,1,Bordeaux,44.8378,-0.5792,open-meteo
2026-07-18 08:00:00,20.4,86,0.0,1.8,360,42.4,3,Bordeaux,44.8378,-0.5792,open-meteo
2026-07-18 09:00:00,21.6,80,0.0,5.6,15,85.6,3,Bordeaux,44.8378,-0.5792,open-meteo
2026-07-18 10:00:00,23.2,70,0.0,6.0,17,368.8,2,Bordeaux,44.8378,-0.5792,open-meteo
2026-07-18 11:00:00,25.1,61,0.0,5.5,23,574.1,1,Bordeaux,44.8378,-0.5792,open-meteo
2026-07-18 12:00:00,26.7,54,0.0,6.9,28,732.3,3,Bordeaux,44.8378,-0.5792,open-meteo
2026-07-18 13:00:00,28.5,44,0.0,6.8,18,789.4,3,Bordeaux,44.8378,-0.5792,open-meteo
2026-07-18 14:00:00,30.0,38,0.0,9.8,24,876.5,3,Bordeaux,44.8378,-0.5792,open-meteo
2026-07-18 15:00:00,30.9,33,0.0,12.7,45,882.7,3,Bordeaux,44.8378,-0.5792,open-meteo
2026-07-18 16:00:00,31.6,30,0.0,12.7,55,845.7,0,Bordeaux,44.8378,-0.5792,open-meteo
2026-07-18 17:00:00,32.5,27,0.0,12.3,38,767.4,0,Bordeaux,44.8378,-0.5792,open-meteo
2026-07-18 18:00:00,32.3,31,0.0,11.1,25,644.3,0,Bordeaux,44.8378,-0.5792,open-meteo
2026-07-18 19:00:00,31.3,39,0.0,15.8,339,462.0,0,Bordeaux,44.8378,-0.5792,open-meteo
2026-07-18 20:00:00,29.9,43,0.0,16.4,331,301.7,0,Bordeaux,44.8378,-0.5792,open-meteo
2026-07-18 21:00:00,28.4,47,0.0,15.0,339,135.2,0,Bordeaux,44.8378,-0.5792,open-meteo
2026-07-18 22:00:00,26.9,53,0.0,10.4,340,17.0,0,Bordeaux,44.8378,-0.5792,open-meteo
2026-07-18 23:00:00,25.6,53,0.0,8.1,347,0.0,0,Bordeaux,44.8378,-0.5792,open-meteo
2026-07-19 00:00:00,25.1,47,0.0,8.9,346,0.0,1,Bordeaux,44.8378,-0.5792,open-meteo
2026-07-19 01:00:00,24.7,44,0.0,9.8,352,0.0,3,Bordeaux,44.8378,-0.5792,open-meteo
2026-07-19 02:00:00,23.9,48,0.0,7.1,345,0.0,3,Bordeaux,44.8378,-0.5792,open-meteo
2026-07-19 03:00:00,23.5,54,0.0,6.2,324,0.0,3,Bordeaux,44.8378,-0.5792,open-meteo
2026-07-19 04:00:00,23.0,62,0.0,5.2,335,0.0,3,Bordeaux,44.8378,-0.5792,open-meteo
2026-07-19 05:00:00,22.6,64,0.0,6.6,338,0.0,3,Bordeaux,44.8378,-0.5792,open-meteo
2026-07-19 06:00:00,22.0,66,0.0,5.7,342,0.0,3,Bordeaux,44.8378,-0.5792,open-meteo
2026-07-19 07:00:00,21.4,72,0.0,7.6,357,3.1,0,Bordeaux,44.8378,-0.5792,open-meteo
2026-07-19 08:00:00,22.1,66,0.0,6.0,25,82.0,2,Bordeaux,44.8378,-0.5792,open-meteo
2026-07-19 09:00:00,24.5,51,0.0,4.8,48,245.4,3,Bordeaux,44.8378,-0.5792,open-meteo
2026-07-19 10:00:00,26.6,43,0.0,7.3,33,424.4,1,Bordeaux,44.8378,-0.5792,open-meteo
2026-07-19 11:00:00,28.2,38,0.0,7.7,28,586.4,3,Bordeaux,44.8378,-0.5792,open-meteo
2026-07-19 12:00:00,30.3,31,0.0,7.4,51,737.1,0,Bordeaux,44.8378,-0.5792,open-meteo
2026-07-19 13:00:00,31.9,25,0.0,11.2,42,826.2,0,Bordeaux,44.8378,-0.5792,open-meteo
2026-07-19 14:00:00,32.9,25,0.0,10.0,41,875.4,0,Bordeaux,44.8378,-0.5792,open-meteo
2026-07-19 15:00:00,33.7,22,0.0,10.9,8,881.8,0,Bordeaux,44.8378,-0.5792,open-meteo
2026-07-19 16:00:00,34.1,21,0.0,12.6,13,844.5,0,Bordeaux,44.8378,-0.5792,open-meteo
2026-07-19 17:00:00,34.1,23,0.0,13.2,22,766.2,0,Bordeaux,44.8378,-0.5792,open-meteo
2026-07-19 18:00:00,34.1,23,0.0,14.2,27,648.0,0,Bordeaux,44.8378,-0.5792,open-meteo
2026-07-19 19:00:00,33.7,23,0.0,18.0,20,484.6,0,Bordeaux,44.8378,-0.5792,open-meteo
2026-07-19 20:00:00,32.8,24,0.0,18.6,18,307.1,0,Bordeaux,44.8378,-0.5792,open-meteo
2026-07-19 21:00:00,31.5,26,0.0,18.7,19,136.0,0,Bordeaux,44.8378,-0.5792,open-meteo
2026-07-19 22:00:00,30.2,28,0.0,17.1,18,17.0,0,Bordeaux,44.8378,-0.5792,open-meteo
2026-07-19 23:00:00,29.1,29,0.0,15.8,24,0.0,0,Bordeaux,44.8378,-0.5792,open-meteo
2026-07-20 00:00:00,28.0,30,0.0,15.8,21,0.0,0,Bordeaux,44.8378,-0.5792,open-meteo
2026-07-20 01:00:00,26.9,31,0.0,15.2,22,0.0,0,Bordeaux,44.8378,-0.5792,open-meteo
2026-07-20 02:00:00,26.0,32,0.0,12.4,26,0.0,3,Bordeaux,44.8378,-0.5792,open-meteo
2026-07-20 03:00:00,24.9,33,0.0,11.8,27,0.0,0,Bordeaux,44.8378,-0.5792,open-meteo
2026-07-20 04:00:00,23.8,35,0.0,11.6,30,0.0,0,Bordeaux,44.8378,-0.5792,open-meteo
2026-07-20 05:00:00,23.1,36,0.0,12.8,32,0.0,2,Bordeaux,44.8378,-0.5792,open-meteo
2026-07-20 06:00:00,22.4,38,0.0,12.3,21,0.0,0,Bordeaux,44.8378,-0.5792,open-meteo
2026-07-20 07:00:00,21.4,41,0.0,11.8,27,3.1,0,Bordeaux,44.8378,-0.5792,open-meteo
2026-07-20 08:00:00,21.5,40,0.0,12.2,24,86.2,0,Bordeaux,44.8378,-0.5792,open-meteo
2026-07-20 09:00:00,22.4,40,0.0,12.3,38,250.0,3,Bordeaux,44.8378,-0.5792,open-meteo
2026-07-20 10:00:00,23.6,38,0.0,12.7,25,424.4,0,Bordeaux,44.8378,-0.5792,open-meteo
2026-07-20 11:00:00,25.3,35,0.0,11.7,18,596.5,3,Bordeaux,44.8378,-0.5792,open-meteo
2026-07-20 12:00:00,27.0,33,0.0,13.2,17,726.1,3,Bordeaux,44.8378,-0.5792,open-meteo
2026-07-20 13:00:00,28.7,30,0.0,13.7,14,733.8,3,Bordeaux,44.8378,-0.5792,open-meteo
2026-07-20 14:00:00,30.1,27,0.0,12.3,21,772.6,3,Bordeaux,44.8378,-0.5792,open-meteo
2026-07-20 15:00:00,31.5,22,0.0,12.1,23,880.6,3,Bordeaux,44.8378,-0.5792,open-meteo
2026-07-20 16:00:00,32.5,19,0.0,11.6,22,641.0,0,Bordeaux,44.8378,-0.5792,open-meteo
2026-07-20 17:00:00,32.7,17,0.0,12.2,28,618.8,0,Bordeaux,44.8378,-0.5792,open-meteo
2026-07-20 18:00:00,33.1,17,0.0,13.9,17,418.2,0,Bordeaux,44.8378,-0.5792,open-meteo
2026-07-20 19:00:00,33.1,16,0.0,13.7,14,405.9,0,Bordeaux,44.8378,-0.5792,open-meteo
2026-07-20 20:00:00,32.4,17,0.0,17.3,12,304.0,0,Bordeaux,44.8378,-0.5792,open-meteo
2026-07-20 21:00:00,31.1,20,0.0,16.8,10,135.0,0,Bordeaux,44.8378,-0.5792,open-meteo
2026-07-20 22:00:00,29.9,21,0.0,13.9,10,16.0,0,Bordeaux,44.8378,-0.5792,open-meteo
2026-07-20 23:00:00,28.8,22,0.0,17.2,16,0.0,0,Bordeaux,44.8378,-0.5792,open-meteo
2026-07-21 00:00:00,26.8,26,0.0,13.4,6,0.0,0,Bordeaux,44.8378,-0.5792,open-meteo
2026-07-21 01:00:00,25.7,27,0.0,13.4,8,0.0,0,Bordeaux,44.8378,-0.5792,open-meteo
2026-07-21 02:00:00,24.8,28,0.0,12.4,8,0.0,0,Bordeaux,44.8378,-0.5792,open-meteo
2026-07-21 03:00:00,23.4,31,0.0,13.5,9,0.0,0,Bordeaux,44.8378,-0.5792,open-meteo
2026-07-21 04:00:00,22.6,33,0.0,14.0,18,0.0,0,Bordeaux,44.8378,-0.5792,open-meteo
2026-07-21 05:00:00,22.0,33,0.0,11.5,20,0.0,0,Bordeaux,44.8378,-0.5792,open-meteo
2026-07-21 06:00:00,21.2,34,0.0,10.5,6,0.0,0,Bordeaux,44.8378,-0.5792,open-meteo
2026-07-21 07:00:00,20.1,39,0.0,9.4,356,3.1,0,Bordeaux,44.8378,-0.5792,open-meteo
2026-07-21 08:00:00,20.1,41,0.0,10.1,356,86.4,0,Bordeaux,44.8378,-0.5792,open-meteo
2026-07-21 09:00:00,21.0,40,0.0,14.1,13,251.4,0,Bordeaux,44.8378,-0.5792,open-meteo
2026-07-21 10:00:00,22.1,38,0.0,14.0,18,434.6,0,Bordeaux,44.8378,-0.5792,open-meteo
2026-07-21 11:00:00,23.7,35,0.0,14.9,7,607.8,0,Bordeaux,44.8378,-0.5792,open-meteo
2026-07-21 12:00:00,25.8,31,0.0,14.2,16,734.0,0,Bordeaux,44.8378,-0.5792,open-meteo
2026-07-21 13:00:00,28.1,27,0.0,14.8,23,823.3,0,Bordeaux,44.8378,-0.5792,open-meteo
2026-07-21 14:00:00,30.0,23,0.0,15.6,34,873.1,0,Bordeaux,44.8378,-0.5792,open-meteo
2026-07-21 15:00:00,31.4,19,0.0,14.0,29,879.4,0,Bordeaux,44.8378,-0.5792,open-meteo
2026-07-21 16:00:00,32.3,17,0.0,17.9,15,842.2,0,Bordeaux,44.8378,-0.5792,open-meteo
2026-07-21 17:00:00,32.8,16,0.0,18.0,26,763.7,0,Bordeaux,44.8378,-0.5792,open-meteo
2026-07-21 18:00:00,32.8,15,0.0,18.9,24,649.5,0,Bordeaux,44.8378,-0.5792,open-meteo
2026-07-21 19:00:00,32.6,15,0.0,17.9,34,500.8,0,Bordeaux,44.8378,-0.5792,open-meteo
2026-07-21 20:00:00,31.7,16,0.0,17.7,39,316.6,0,Bordeaux,44.8378,-0.5792,open-meteo
2026-07-21 21:00:00,30.7,17,0.0,15.7,37,139.7,0,Bordeaux,44.8378,-0.5792,open-meteo
2026-07-21 22:00:00,29.3,19,0.0,14.3,28,16.2,0,Bordeaux,44.8378,-0.5792,open-meteo
2026-07-21 23:00:00,28.0,22,0.0,12.6,20,0.0,0,Bordeaux,44.8378,-0.5792,open-meteo
2026-07-22 00:00:00,26.1,27,0.0,10.2,18,0.0,0,Bordeaux,44.8378,-0.5792,open-meteo
2026-07-22 01:00:00,25.1,29,0.0,9.6,20,0.0,0,Bordeaux,44.8378,-0.5792,open-meteo
2026-07-22 02:00:00,24.3,30,0.0,10.4,20,0.0,0,Bordeaux,44.8378,-0.5792,open-meteo
2026-07-22 03:00:00,22.0,35,0.0,8.3,2,0.0,0,Bordeaux,44.8378,-0.5792,open-meteo
2026-07-22 04:00:00,21.0,39,0.0,7.6,3,0.0,0,Bordeaux,44.8378,-0.5792,open-meteo
2026-07-22 05:00:00,20.4,40,0.0,8.0,5,0.0,0,Bordeaux,44.8378,-0.5792,open-meteo
2026-07-22 06:00:00,19.4,43,0.0,7.9,357,0.0,0,Bordeaux,44.8378,-0.5792,open-meteo
2026-07-22 07:00:00,18.7,46,0.0,6.8,357,2.3,3,Bordeaux,44.8378,-0.5792,open-meteo
2026-07-22 08:00:00,19.5,43,0.0,7.2,6,86.4,0,Bordeaux,44.8378,-0.5792,open-meteo
2026-07-22 09:00:00,21.5,37,0.0,10.8,37,256.2,0,Bordeaux,44.8378,-0.5792,open-meteo
2026-07-22 10:00:00,23.4,34,0.0,11.6,60,440.6,0,Bordeaux,44.8378,-0.5792,open-meteo
2026-07-22 11:00:00,25.5,30,0.0,12.3,50,609.2,3,Bordeaux,44.8378,-0.5792,open-meteo
2026-07-22 12:00:00,27.4,26,0.0,13.7,60,732.4,0,Bordeaux,44.8378,-0.5792,open-meteo
2026-07-22 13:00:00,29.3,23,0.0,14.0,64,822.3,0,Bordeaux,44.8378,-0.5792,open-meteo
2026-07-22 14:00:00,30.9,20,0.0,13.1,58,871.7,2,Bordeaux,44.8378,-0.5792,open-meteo
2026-07-22 15:00:00,32.5,17,0.0,12.9,36,878.1,0,Bordeaux,44.8378,-0.5792,open-meteo
2026-07-22 16:00:00,33.6,15,0.0,12.5,41,841.0,0,Bordeaux,44.8378,-0.5792,open-meteo
2026-07-22 17:00:00,34.3,12,0.0,11.5,32,762.3,0,Bordeaux,44.8378,-0.5792,open-meteo
2026-07-22 18:00:00,34.5,12,0.0,10.8,26,648.0,3,Bordeaux,44.8378,-0.5792,open-meteo
2026-07-22 19:00:00,34.5,11,0.0,11.5,20,479.2,3,Bordeaux,44.8378,-0.5792,open-meteo
2026-07-22 20:00:00,34.0,12,0.0,11.0,19,294.8,3,Bordeaux,44.8378,-0.5792,open-meteo
2026-07-22 21:00:00,32.5,16,0.0,12.6,13,109.0,3,Bordeaux,44.8378,-0.5792,open-meteo
2026-07-22 22:00:00,31.2,18,0.0,12.1,17,13.9,3,Bordeaux,44.8378,-0.5792,open-meteo
2026-07-22 23:00:00,29.6,19,0.0,11.6,16,0.0,3,Bordeaux,44.8378,-0.5792,open-meteo
2026-07-23 00:00:00,28.1,24,0.0,10.4,20,0.0,3,Bordeaux,44.8378,-0.5792,open-meteo
2026-07-23 01:00:00,26.7,27,0.0,10.0,15,0.0,3,Bordeaux,44.8378,-0.5792,open-meteo
2026-07-23 02:00:00,25.1,31,0.0,9.4,2,0.0,3,Bordeaux,44.8378,-0.5792,open-meteo
2026-07-23 03:00:00,23.4,35,0.0,7.1,345,0.0,3,Bordeaux,44.8378,-0.5792,open-meteo
2026-07-23 04:00:00,22.4,40,0.0,7.6,341,0.0,3,Bordeaux,44.8378,-0.5792,open-meteo
2026-07-23 05:00:00,21.5,43,0.0,8.3,355,0.0,2,Bordeaux,44.8378,-0.5792,open-meteo
2026-07-23 06:00:00,20.7,48,0.0,6.5,354,0.0,3,Bordeaux,44.8378,-0.5792,open-meteo
2026-07-23 07:00:00,19.8,52,0.0,7.0,348,2.3,1,Bordeaux,44.8378,-0.5792,open-meteo
2026-07-23 08:00:00,20.7,48,0.0,8.0,5,83.5,0,Bordeaux,44.8378,-0.5792,open-meteo
2026-07-23 09:00:00,22.5,44,0.0,10.3,25,248.5,0,Bordeaux,44.8378,-0.5792,open-meteo
2026-07-23 10:00:00,24.6,41,0.0,10.6,24,431.3,0,Bordeaux,44.8378,-0.5792,open-meteo
2026-07-23 11:00:00,27.0,35,0.0,9.9,19,592.2,0,Bordeaux,44.8378,-0.5792,open-meteo
2026-07-23 12:00:00,29.1,30,0.0,11.3,22,730.5,0,Bordeaux,44.8378,-0.5792,open-meteo
2026-07-23 13:00:00,31.0,26,0.0,10.3,24,830.1,0,Bordeaux,44.8378,-0.5792,open-meteo
2026-07-23 14:00:00,32.3,23,0.0,10.6,14,894.7,0,Bordeaux,44.8378,-0.5792,open-meteo
2026-07-23 15:00:00,33.4,20,0.0,11.1,13,916.0,0,Bordeaux,44.8378,-0.5792,open-meteo
2026-07-23 16:00:00,34.1,18,0.0,11.2,15,885.0,0,Bordeaux,44.8378,-0.5792,open-meteo
2026-07-23 17:00:00,34.5,17,0.0,13.1,8,790.9,0,Bordeaux,44.8378,-0.5792,open-meteo
2026-07-23 18:00:00,34.4,16,0.0,13.0,6,655.9,0,Bordeaux,44.8378,-0.5792,open-meteo
2026-07-23 19:00:00,34.3,15,0.0,13.0,3,490.7,0,Bordeaux,44.8378,-0.5792,open-meteo
2026-07-23 20:00:00,33.8,15,0.0,14.3,10,309.4,0,Bordeaux,44.8378,-0.5792,open-meteo
2026-07-23 21:00:00,32.7,17,0.0,13.7,14,133.5,0,Bordeaux,44.8378,-0.5792,open-meteo
2026-07-23 22:00:00,31.3,19,0.0,12.2,19,13.9,0,Bordeaux,44.8378,-0.5792,open-meteo
2026-07-23 23:00:00,30.1,21,0.0,12.4,22,0.0,0,Bordeaux,44.8378,-0.5792,open-meteo
