timestamp,temperature_c,humidity_pct,precipitation_mm,wind_speed_kmh,wind_dir_deg,solar_rad_wm2,weather_code,city,latitude,longitude,source
2026-08-01 00:00:00,20.2,75,0.0,6.1,273,0.0,0,Bordeaux,44.8378,-0.5792,open-meteo
2026-08-01 01:00:00,19.7,77,0.0,5.5,293,0.0,0,Bordeaux,44.8378,-0.5792,open-meteo
2026-08-01 02:00:00,19.3,78,0.0,5.4,270,0.0,0,Bordeaux,44.8378,-0.5792,open-meteo
2026-08-01 03:00:00,19.2,78,0.0,5.0,270,0.0,0,Bordeaux,44.8378,-0.5792,open-meteo
2026-08-01 04:00:00,19.0,78,0.0,5.6,285,0.0,0,Bordeaux,44.8378,-0.5792,open-meteo
2026-08-01 05:00:00,18.5,79,0.0,5.3,242,0.0,0,Bordeaux,44.8378,-0.5792,open-meteo
2026-08-01 06:00:00,18.1,81,0.0,5.9,223,0.0,3,Bordeaux,44.8378,-0.5792,open-meteo
2026-08-01 07:00:00,17.8,83,0.0,5.6,243,0.0,3,Bordeaux,44.8378,-0.5792,open-meteo
2026-08-01 08:00:00,18.5,81,0.0,3.3,264,58.6,3,Bordeaux,44.8378,-0.5792,open-meteo
2026-08-01 09:00:00,20.4,73,0.0,3.3,264,195.2,3,Bordeaux,44.8378,-0.5792,open-meteo
2026-08-01 10:00:00,22.1,61,0.0,5.1,315,377.3,0,Bordeaux,44.8378,-0.5792,open-meteo
2026-08-01 11:00:00,23.7,56,0.0,1.0,45,561.0,0,Bordeaux,44.8378,-0.5792,open-meteo
2026-08-01 12:00:00,25.4,52,0.0,4.0,117,696.0,2,Bordeaux,44.8378,-0.5792,open-meteo
2026-08-01 13:00:00,27.0,49,0.0,8.3,85,724.5,1,Bordeaux,44.8378,-0.5792,open-meteo
2026-08-01 14:00:00,28.4,44,0.0,6.9,84,856.5,0,Bordeaux,44.8378,-0.5792,open-meteo
2026-08-01 15:00:00,29.3,42,0.0,10.4,34,863.0,0,Bordeaux,44.8378,-0.5792,open-meteo
2026-08-01 16:00:00,30.0,40,0.0,6.2,36,824.7,0,Bordeaux,44.8378,-0.5792,open-meteo
2026-08-01 17:00:00,31.0,37,0.0,6.9,28,742.3,0,Bordeaux,44.8378,-0.5792,open-meteo
2026-08-01 18:00:00,31.4,35,0.0,5.8,30,609.6,0,Bordeaux,44.8378,-0.5792,open-meteo
2026-08-01 19:00:00,31.6,35,0.0,4.2,59,445.8,0,Bordeaux,44.8378,-0.5792,open-meteo
2026-08-01 20:00:00,30.1,38,0.0,16.4,285,268.5,0,Bordeaux,44.8378,-0.5792,open-meteo
2026-08-01 21:00:00,28.2,42,0.0,10.0,283,101.9,0,Bordeaux,44.8378,-0.5792,open-meteo
2026-08-01 22:00:00,26.9,44,0.0,7.1,285,6.2,0,Bordeaux,44.8378,-0.5792,open-meteo
2026-08-01 23:00:00,26.0,44,0.0,6.4,308,0.0,0,Bordeaux,44.8378,-0.5792,open-meteo
2026-08-02 00:00:00,25.8,43,0.0,7.9,344,0.0,0,Bordeaux,44.8378,-0.5792,open-meteo
2026-08-02 01:00:00,25.0,44,0.0,6.3,336,0.0,0,Bordeaux,44.8378,-0.5792,open-meteo
2026-08-02 02:00:00,24.1,48,0.0,5.5,337,0.0,2,Bordeaux,44.8378,-0.5792,open-meteo
2026-08-02 03:00:00,23.4,52,0.0,4.6,315,0.0,0,Bordeaux,44.8378,-0.5792,open-meteo
2026-08-02 04:00:00,22.9,55,0.0,4.5,331,0.0,0,Bordeaux,44.8378,-0.5792,open-meteo
2026-08-02 05:00:00,22.4,57,0.0,4.2,340,0.0,0,Bordeaux,44.8378,-0.5792,open-meteo
2026-08-02 06:00:00,21.7,61,0.0,2.6,124,0.0,3,Bordeaux,44.8378,-0.5792,open-meteo
2026-08-02 07:00:00,20.1,68,0.0,4.7,247,0.0,3,Bordeaux,44.8378,-0.5792,open-meteo
2026-08-02 08:00:00,20.8,69,0.0,4.7,212,57.9,3,Bordeaux,44.8378,-0.5792,open-meteo
2026-08-02 09:00:00,23.0,60,0.0,3.8,197,211.4,0,Bordeaux,44.8378,-0.5792,open-meteo
2026-08-02 10:00:00,25.1,52,0.0,3.3,174,389.7,0,Bordeaux,44.8378,-0.5792,open-meteo
2026-08-02 11:00:00,27.6,44,0.0,3.1,135,558.6,0,Bordeaux,44.8378,-0.5792,open-meteo
2026-08-02 12:00:00,30.0,39,0.0,2.2,99,702.2,0,Bordeaux,44.8378,-0.5792,open-meteo
2026-08-02 13:00:00,31.9,33,0.0,5.8,86,804.6,0,Bordeaux,44.8378,-0.5792,open-meteo
2026-08-02 14:00:00,33.2,31,0.0,1.5,76,854.7,0,Bordeaux,44.8378,-0.5792,open-meteo
2026-08-02 15:00:00,34.5,28,0.0,3.9,124,861.1,0,Bordeaux,44.8378,-0.5792,open-meteo
2026-08-02 16:00:00,35.4,27,0.0,3.8,139,823.1,0,Bordeaux,44.8378,-0.5792,open-meteo
2026-08-02 17:00:00,36.7,28,0.0,1.5,346,738.4,0,Bordeaux,44.8378,-0.5792,open-meteo
2026-08-02 18:00:00,36.0,28,0.0,23.3,290,590.3,0,Bordeaux,44.8378,-0.5792,open-meteo
2026-08-02 19:00:00,33.5,30,0.0,16.4,285,440.0,0,Bordeaux,44.8378,-0.5792,open-meteo
2026-08-02 20:00:00,32.2,32,0.0,14.1,285,262.9,0,Bordeaux,44.8378,-0.5792,open-meteo
2026-08-02 21:00:00,29.9,37,0.0,10.8,266,98.8,0,Bordeaux,44.8378,-0.5792,open-meteo
2026-08-02 22:00:00,28.0,40,0.0,9.7,270,5.4,0,Bordeaux,44.8378,-0.5792,open-meteo
2026-08-02 23:00:00,26.4,44,0.0,9.8,262,0.0,0,Bordeaux,44.8378,-0.5792,open-meteo
2026-08-03 00:00:00,25.4,48,0.0,9.5,261,0.0,0,Bordeaux,44.8378,-0.5792,open-meteo
2026-08-03 01:00:00,24.7,50,0.0,8.1,257,0.0,3,Bordeaux,44.8378,-0.5792,open-meteo
2026-08-03 02:00:00,23.8,57,0.0,7.5,253,0.0,3,Bordeaux,44.8378,-0.5792,open-meteo
2026-08-03 03:00:00,22.9,72,0.0,8.5,208,0.0,3,Bordeaux,44.8378,-0.5792,open-meteo
2026-08-03 04:00:00,22.3,78,0.0,8.9,220,0.0,3,Bordeaux,44.8378,-0.5792,open-meteo
2026-08-03 05:00:00,21.9,81,0.0,7.7,208,0.0,3,Bordeaux,44.8378,-0.5792,open-meteo
2026-08-03 06:00:00,21.7,83,0.0,6.7,216,0.0,3,Bordeaux,44.8378,-0.5792,open-meteo
2026-08-03 07:00:00,21.7,83,0.0,7.6,211,0.0,3,Bordeaux,44.8378,-0.5792,open-meteo
2026-08-03 08:00:00,22.0,82,0.0,8.9,230,36.8,3,Bordeaux,44.8378,-0.5792,open-meteo
2026-08-03 09:00:00,23.0,76,0.0,2.5,352,121.3,55,Bordeaux,44.8378,-0.5792,open-meteo
2026-08-03 10:00:00,24.8,63,0.0,5.8,270,192.9,53,Bordeaux,44.8378,-0.5792,open-meteo
2026-08-03 11:00:00,26.6,52,0.0,4.7,328,468.6,3,Bordeaux,44.8378,-0.5792,open-meteo
2026-08-03 12:00:00,25.7,67,0.0,2.2,180,631.8,3,Bordeaux,44.8378,-0.5792,open-meteo
2026-08-03 13:00:00,27.3,58,0.0,4.3,265,674.4,3,Bordeaux,44.8378,-0.5792,open-meteo
2026-08-03 14:00:00,29.6,45,0.0,9.1,236,826.4,3,Bordeaux,44.8378,-0.5792,open-meteo
2026-08-03 15:00:00,30.9,49,0.0,3.1,249,807.9,3,Bordeaux,44.8378,-0.5792,open-meteo
2026-08-03 16:00:00,31.6,47,0.0,6.4,207,595.7,3,Bordeaux,44.8378,-0.5792,open-meteo
2026-08-03 17:00:00,30.9,48,0.0,5.1,274,508.5,3,Bordeaux,44.8378,-0.5792,open-meteo
2026-08-03 18:00:00,30.7,49,0.0,5.2,16,506.0,3,Bordeaux,44.8378,-0.5792,open-meteo
2026-08-03 19:00:00,29.7,49,0.0,13.0,312,395.3,3,Bordeaux,44.8378,-0.5792,open-meteo
2026-08-03 20:00:00,28.6,53,0.0,15.0,281,197.7,3,Bordeaux,44.8378,-0.5792,open-meteo
2026-08-03 21:00:00,26.8,59,0.0,12.7,313,75.6,3,Bordeaux,44.8378,-0.5792,open-meteo
2026-08-03 22:00:00,24.5,65,0.0,10.5,311,4.6,3,Bordeaux,44.8378,-0.5792,open-meteo
2026-08-03 23:00:00,23.8,68,0.0,8.9,302,0.0,3,Bordeaux,44.8378,-0.5792,open-meteo
2026-08-04 00:00:00,23.5,70,0.0,4.7,293,0.0,1,Bordeaux,44.8378,-0.5792,open-meteo
2026-08-04 01:00:00,22.6,77,0.0,7.2,276,0.0,3,Bordeaux,44.8378,-0.5792,open-meteo
2026-08-04 02:00:00,22.1,81,0.0,4.7,293,0.0,3,Bordeaux,44.8378,-0.5792,open-meteo
2026-08-04 03:00:00,21.6,83,0.0,3.8,319,0.0,3,Bordeaux,44.8378,-0.5792,open-meteo
2026-08-04 04:00:00,21.2,82,0.0,5.0,291,0.0,1,Bordeaux,44.8378,-0.5792,open-meteo
2026-08-04 05:00:00,20.9,83,0.0,6.2,277,0.0,2,Bordeaux,44.8378,-0.5792,open-meteo
2026-08-04 06:00:00,20.7,82,0.0,7.9,273,0.0,3,Bordeaux,44.8378,-0.5792,open-meteo
2026-08-04 07:00:00,20.8,82,0.0,6.6,292,0.0,2,Bordeaux,44.8378,-0.5792,open-meteo
2026-08-04 08:00:00,21.0,81,0.0,4.0,280,40.9,3,Bordeaux,44.8378,-0.5792,open-meteo
2026-08-04 09:00:00,22.1,73,0.0,4.1,315,162.0,3,Bordeaux,44.8378,-0.5792,open-meteo
2026-08-04 10:00:00,23.3,66,0.0,6.6,299,299.4,2,Bordeaux,44.8378,-0.5792,open-meteo
2026-08-04 11:00:00,24.8,59,0.0,5.2,295,535.5,0,Bordeaux,44.8378,-0.5792,open-meteo
2026-08-04 12:00:00,26.4,52,0.0,6.3,301,677.5,0,Bordeaux,44.8378,-0.5792,open-meteo
2026-08-04 13:00:00,28.2,45,0.0,7.4,317,799.4,0,Bordeaux,44.8378,-0.5792,open-meteo
2026-08-04 14:00:00,29.6,40,0.0,7.8,338,839.3,0,Bordeaux,44.8378,-0.5792,open-meteo
2026-08-04 15:00:00,30.7,38,0.0,11.1,29,689.0,3,Bordeaux,44.8378,-0.5792,open-meteo
2026-08-04 16:00:00,31.2,36,0.0,12.6,20,548.6,3,Bordeaux,44.8378,-0.5792,open-meteo
2026-08-04 17:00:00,30.0,43,0.0,13.9,343,372.1,3,Bordeaux,44.8378,-0.5792,open-meteo
2026-08-04 18:00:00,29.7,45,0.0,14.0,360,386.4,2,Bordeaux,44.8378,-0.5792,open-meteo
2026-08-04 19:00:00,29.1,47,0.0,13.3,327,277.0,2,Bordeaux,44.8378,-0.5792,open-meteo
2026-08-04 20:00:00,27.9,52,0.0,18.1,317,147.4,1,Bordeaux,44.8378,-0.5792,open-meteo
2026-08-04 21:00:00,26.6,55,0.0,13.5,326,61.1,0,Bordeaux,44.8378,-0.5792,open-meteo
2026-08-04 22:00:00,25.0,63,0.0,9.9,316,3.9,3,Bordeaux,44.8378,-0.5792,open-meteo
2026-08-04 23:00:00,23.6,72,0.0,7.1,311,0.0,2,Bordeaux,44.8378,-0.5792,open-meteo
2026-08-05 00:00:00,23.0,76,0.0,6.3,301,0.0,0,Bordeaux,44.8378,-0.5792,open-meteo
2026-08-05 01:00:00,22.4,80,0.0,5.4,290,0.0,0,Bordeaux,44.8378,-0.5792,open-meteo
2026-08-05 02:00:00,22.0,82,0.0,4.5,284,0.0,0,Bordeaux,44.8378,-0.5792,open-meteo
2026-08-05 03:00:00,21.6,86,0.0,4.0,280,0.0,0,Bordeaux,44.8378,-0.5792,open-meteo
2026-08-05 04:00:00,21.6,86,0.0,4.2,290,0.0,0,Bordeaux,44.8378,-0.5792,open-meteo
2026-08-05 05:00:00,21.4,87,0.0,1.9,248,0.0,0,Bordeaux,44.8378,-0.5792,open-meteo
2026-08-05 06:00:00,21.3,88,0.0,6.1,220,0.0,3,Bordeaux,44.8378,-0.5792,open-meteo
2026-08-05 07:00:00,20.9,90,0.0,7.4,194,0.0,3,Bordeaux,44.8378,-0.5792,open-meteo
2026-08-05 08:00:00,21.1,90,0.0,7.7,221,11.4,3,Bordeaux,44.8378,-0.5792,open-meteo
2026-08-05 09:00:00,22.5,83,0.0,4.5,256,82.6,3,Bordeaux,44.8378,-0.5792,open-meteo
2026-08-05 10:00:00,23.4,75,0.0,8.6,327,246.7,3,Bordeaux,44.8378,-0.5792,open-meteo
2026-08-05 11:00:00,23.9,70,0.0,6.6,331,384.3,3,Bordeaux,44.8378,-0.5792,open-meteo
2026-08-05 12:00:00,25.3,61,0.0,7.3,327,421.1,3,Bordeaux,44.8378,-0.5792,open-meteo
2026-08-05 13:00:00,26.6,52,0.0,4.6,309,575.0,3,Bordeaux,44.8378,-0.5792,open-meteo
2026-08-05 14:00:00,27.1,46,0.0,7.6,289,267.7,3,Bordeaux,44.8378,-0.5792,open-meteo
2026-08-05 15:00:00,28.8,42,0.0,7.6,301,681.3,3,Bordeaux,44.8378,-0.5792,open-meteo
2026-08-05 16:00:00,28.7,42,0.0,9.5,299,550.3,1,Bordeaux,44.8378,-0.5792,open-meteo
2026-08-05 17:00:00,28.5,43,0.0,10.3,335,440.6,3,Bordeaux,44.8378,-0.5792,open-meteo
2026-08-05 18:00:00,28.7,40,0.0,12.3,320,446.6,3,Bordeaux,44.8378,-0.5792,open-meteo
2026-08-05 19:00:00,28.0,42,0.0,14.0,316,421.1,0,Bordeaux,44.8378,-0.5792,open-meteo
2026-08-05 20:00:00,27.0,43,0.0,14.0,314,252.5,0,Bordeaux,44.8378,-0.5792,open-meteo
2026-08-05 21:00:00,25.3,47,0.0,11.5,316,89.5,0,Bordeaux,44.8378,-0.5792,open-meteo
2026-08-05 22:00:00,23.6,57,0.0,9.2,329,3.9,0,Bordeaux,44.8378,-0.5792,open-meteo
2026-08-05 23:00:00,22.7,62,0.0,7.2,333,0.0,3,Bordeaux,44.8378,-0.5792,open-meteo
2026-08-06 00:00:00,22.4,65,0.0,7.9,336,0.0,3,Bordeaux,44.8378,-0.5792,open-meteo
2026-08-06 01:00:00,21.3,66,0.0,10.3,348,0.0,3,Bordeaux,44.8378,-0.5792,open-meteo
2026-08-06 02:00:00,20.5,72,0.0,10.2,352,0.0,2,Bordeaux,44.8378,-0.5792,open-meteo
2026-08-06 03:00:00,20.3,74,0.0,10.9,354,0.0,3,Bordeaux,44.8378,-0.5792,open-meteo
2026-08-06 04:00:00,20.1,77,0.0,11.4,11,0.0,3,Bordeaux,44.8378,-0.5792,open-meteo
2026-08-06 05:00:00,20.1,73,0.0,11.4,11,0.0,1,Bordeaux,44.8378,-0.5792,open-meteo
2026-08-06 06:00:00,19.8,73,0.0,9.3,13,0.0,0,Bordeaux,44.8378,-0.5792,open-meteo
2026-08-06 07:00:00,19.1,77,0.0,9.4,18,0.0,1,Bordeaux,44.8378,-0.5792,open-meteo
2026-08-06 08:00:00,19.1,76,0.0,8.9,14,45.3,1,Bordeaux,44.8378,-0.5792,open-meteo
2026-08-06 09:00:00,20.0,69,0.0,10.2,8,197.3,3,Bordeaux,44.8378,-0.5792,open-meteo
2026-08-06 10:00:00,21.1,60,0.0,6.2,10,320.2,3,Bordeaux,44.8378,-0.5792,open-meteo
2026-08-06 11:00:00,22.8,48,0.0,6.1,360,549.4,0,Bordeaux,44.8378,-0.5792,open-meteo
2026-08-06 12:00:00,24.4,40,0.0,6.5,6,696.0,0,Bordeaux,44.8378,-0.5792,open-meteo
2026-08-06 13:00:00,25.9,38,0.0,7.6,352,804.0,0,Bordeaux,44.8378,-0.5792,open-meteo
2026-08-06 14:00:00,27.2,38,0.0,6.8,357,867.3,0,Bordeaux,44.8378,-0.5792,open-meteo
2026-08-06 15:00:00,28.6,33,0.0,10.4,20,871.9,0,Bordeaux,44.8378,-0.5792,open-meteo
2026-08-06 16:00:00,28.9,30,0.0,12.7,352,826.4,0,Bordeaux,44.8378,-0.5792,open-meteo
2026-08-06 17:00:00,29.3,27,0.0,16.2,12,736.1,0,Bordeaux,44.8378,-0.5792,open-meteo
2026-08-06 18:00:00,29.3,26,0.0,15.0,17,602.6,0,Bordeaux,44.8378,-0.5792,open-meteo
2026-08-06 19:00:00,29.1,27,0.0,13.5,16,436.7,0,Bordeaux,44.8378,-0.5792,open-meteo
2026-08-06 20:00:00,28.1,33,0.0,14.3,12,256.9,0,Bordeaux,44.8378,-0.5792,open-meteo
2026-08-06 21:00:00,26.2,43,0.0,10.8,345,88.9,0,Bordeaux,44.8378,-0.5792,open-meteo
2026-08-06 22:00:00,24.2,50,0.0,8.9,328,0.8,0,Bordeaux,44.8378,-0.5792,open-meteo
2026-08-06 23:00:00,22.6,54,0.0,8.0,324,0.0,0,Bordeaux,44.8378,-0.5792,open-meteo
2026-08-07 00:00:00,21.9,53,0.0,7.2,333,0.0,0,Bordeaux,44.8378,-0.5792,open-meteo
2026-08-07 01:00:00,21.3,56,0.0,5.3,298,0.0,0,Bordeaux,44.8378,-0.5792,open-meteo
2026-08-07 02:00:00,20.7,61,0.0,5.4,290,0.0,0,Bordeaux,44.8378,-0.5792,open-meteo
2026-08-07 03:00:00,20.3,65,0.0,6.1,315,0.0,0,Bordeaux,44.8378,-0.5792,open-meteo
2026-08-07 04:00:00,19.5,71,0.0,6.8,288,0.0,0,Bordeaux,44.8378,-0.5792,open-meteo
2026-08-07 05:00:00,19.2,75,0.0,5.6,297,0.0,0,Bordeaux,44.8378,-0.5792,open-meteo
2026-08-07 06:00:00,18.7,78,0.0,5.2,326,0.0,0,Bordeaux,44.8378,-0.5792,open-meteo
2026-08-07 07:00:00,17.8,77,0.0,4.9,343,0.0,0,Bordeaux,44.8378,-0.5792,open-meteo
2026-08-07 08:00:00,18.6,71,0.0,3.3,354,48.6,0,Bordeaux,44.8378,-0.5792,open-meteo
2026-08-07 09:00:00,21.4,51,0.0,4.6,45,201.4,0,Bordeaux,44.8378,-0.5792,open-meteo
2026-08-07 10:00:00,23.3,42,0.0,3.8,73,379.6,0,Bordeaux,44.8378,-0.5792,open-meteo
2026-08-07 11:00:00,25.4,38,0.0,3.4,32,552.5,0,Bordeaux,44.8378,-0.5792,open-meteo
2026-08-07 12:00:00,27.4,34,0.0,5.2,25,701.4,0,Bordeaux,44.8378,-0.5792,open-meteo
2026-08-07 13:00:00,29.2,30,0.0,6.4,38,811.7,0,Bordeaux,44.8378,-0.5792,open-meteo
2026-08-07 14:00:00,30.4,27,0.0,8.2,52,873.5,0,Bordeaux,44.8378,-0.5792,open-meteo
2026-08-07 15:00:00,31.6,24,0.0,7.5,73,882.7,0,Bordeaux,44.8378,-0.5792,open-meteo
2026-08-07 16:00:00,32.5,22,0.0,3.1,21,838.2,0,Bordeaux,44.8378,-0.5792,open-meteo
2026-08-07 17:00:00,33.5,22,0.0,3.8,49,741.5,0,Bordeaux,44.8378,-0.5792,open-meteo
2026-08-07 18:00:00,33.7,21,0.0,7.1,49,603.6,0,Bordeaux,44.8378,-0.5792,open-meteo
2026-08-07 19:00:00,33.7,21,0.0,2.4,63,436.0,0,Bordeaux,44.8378,-0.5792,open-meteo
2026-08-07 20:00:00,33.4,21,0.0,7.9,30,254.6,0,Bordeaux,44.8378,-0.5792,open-meteo
2026-08-07 21:00:00,31.4,22,0.0,11.6,5,86.4,0,Bordeaux,44.8378,-0.5792,open-meteo
2026-08-07 22:00:00,28.7,31,0.0,14.6,9,0.6,0,Bordeaux,44.8378,-0.5792,open-meteo
2026-08-07 23:00:00,27.0,35,0.0,10.4,14,0.0,0,Bordeaux,44.8378,-0.5792,open-meteo
2026-08-08 00:00:00,25.6,46,0.0,8.0,5,0.0,3,Bordeaux,44.8378,-0.5792,open-meteo
2026-08-08 01:00:00,25.1,45,0.0,6.6,347,0.0,3,Bordeaux,44.8378,-0.5792,open-meteo
2026-08-08 02:00:00,24.6,42,0.0,5.8,353,0.0,3,Bordeaux,44.8378,-0.5792,open-meteo
2026-08-08 03:00:00,24.0,37,0.0,6.2,324,0.0,0,Bordeaux,44.8378,-0.5792,open-meteo
2026-08-08 04:00:00,22.8,43,0.0,3.5,24,0.0,0,Bordeaux,44.8378,-0.5792,open-meteo
2026-08-08 05:00:00,23.8,33,0.0,4.8,42,0.0,0,Bordeaux,44.8378,-0.5792,open-meteo
2026-08-08 06:00:00,23.0,35,0.0,7.1,45,0.0,0,Bordeaux,44.8378,-0.5792,open-meteo
2026-08-08 07:00:00,22.1,41,0.0,4.8,103,0.0,0,Bordeaux,44.8378,-0.5792,open-meteo
2026-08-08 08:00:00,22.1,42,0.0,6.7,144,45.5,0,Bordeaux,44.8378,-0.5792,open-meteo
2026-08-08 09:00:00,23.3,51,0.0,5.6,140,194.4,0,Bordeaux,44.8378,-0.5792,open-meteo
2026-08-08 10:00:00,25.4,50,0.0,4.5,151,371.9,0,Bordeaux,44.8378,-0.5792,open-meteo
2026-08-08 11:00:00,28.0,43,0.0,3.5,156,543.2,0,Bordeaux,44.8378,-0.5792,open-meteo
2026-08-08 12:00:00,30.3,39,0.0,3.7,209,689.0,0,Bordeaux,44.8378,-0.5792,open-meteo
2026-08-08 13:00:00,33.1,30,0.0,3.5,114,794.8,0,Bordeaux,44.8378,-0.5792,open-meteo
2026-08-08 14:00:00,34.3,27,0.0,6.1,140,855.7,0,Bordeaux,44.8378,-0.5792,open-meteo
2026-08-08 15:00:00,35.8,24,0.0,7.7,118,864.2,0,Bordeaux,44.8378,-0.5792,open-meteo
2026-08-08 16:00:00,36.6,24,0.0,9.8,98,821.0,0,Bordeaux,44.8378,-0.5792,open-meteo
2026-08-08 17:00:00,37.5,23,0.0,10.9,84,726.9,0,Bordeaux,44.8378,-0.5792,open-meteo
2026-08-08 18:00:00,38.0,22,0.0,11.9,104,590.1,0,Bordeaux,44.8378,-0.5792,open-meteo
2026-08-08 19:00:00,38.1,21,0.0,10.8,111,423.6,0,Bordeaux,44.8378,-0.5792,open-meteo
2026-08-08 20:00:00,37.7,22,0.0,12.9,103,244.6,0,Bordeaux,44.8378,-0.5792,open-meteo
2026-08-08 21:00:00,33.5,25,0.0,15.8,325,81.2,3,Bordeaux,44.8378,-0.5792,open-meteo
2026-08-08 22:00:00,32.2,29,0.0,13.8,62,0.4,3,Bordeaux,44.8378,-0.5792,open-meteo
2026-08-08 23:00:00,27.1,63,0.5,37.5,233,0.0,51,Bordeaux,44.8378,-0.5792,open-meteo
2026-08-09 00:00:00,24.0,81,0.2,19.2,186,0.0,63,Bordeaux,44.8378,-0.5792,open-meteo
2026-08-09 01:00:00,22.0,82,0.0,24.1,308,0.0,51,Bordeaux,44.8378,-0.5792,open-meteo
2026-08-09 02:00:00,22.3,79,0.0,13.9,10,0.0,3,Bordeaux,44.8378,-0.5792,open-meteo
2026-08-09 03:00:00,22.3,80,0.0,8.4,59,0.0,0,Bordeaux,44.8378,-0.5792,open-meteo
2026-08-09 04:00:00,22.9,64,0.0,6.6,261,0.0,3,Bordeaux,44.8378,-0.5792,open-meteo
2026-08-09 05:00:00,22.1,68,0.0,4.1,322,0.0,0,Bordeaux,44.8378,-0.5792,open-meteo
2026-08-09 06:00:00,22.3,72,0.0,7.2,127,0.0,0,Bordeaux,44.8378,-0.5792,open-meteo
2026-08-09 07:00:00,23.1,63,0.0,18.2,171,0.0,2,Bordeaux,44.8378,-0.5792,open-meteo
2026-08-09 08:00:00,23.2,67,0.1,14.9,8,10.0,3,Bordeaux,44.8378,-0.5792,open-meteo
2026-08-09 09:00:00,24.2,68,0.1,8.1,69,133.7,3,Bordeaux,44.8378,-0.5792,open-meteo
2026-08-09 10:00:00,24.5,67,0.0,8.7,60,312.7,3,Bordeaux,44.8378,-0.5792,open-meteo
2026-08-09 11:00:00,26.7,59,0.0,10.0,120,531.6,3,Bordeaux,44.8378,-0.5792,open-meteo
2026-08-09 12:00:00,28.8,49,0.0,10.1,35,633.7,0,Bordeaux,44.8378,-0.5792,open-meteo
2026-08-09 13:00:00,29.3,50,0.0,16.3,96,788.4,0,Bordeaux,44.8378,-0.5792,open-meteo
2026-08-09 14:00:00,32.0,41,0.0,8.5,78,848.0,0,Bordeaux,44.8378,-0.5792,open-meteo
2026-08-09 15:00:00,32.8,31,0.0,10.1,55,854.9,0,Bordeaux,44.8378,-0.5792,open-meteo
2026-08-09 16:00:00,35.0,25,0.0,5.8,112,750.8,0,Bordeaux,44.8378,-0.5792,open-meteo
2026-08-09 17:00:00,35.4,28,0.0,4.0,85,721.5,0,Bordeaux,44.8378,-0.5792,open-meteo
2026-08-09 18:00:00,35.6,27,0.0,4.0,27,582.0,0,Bordeaux,44.8378,-0.5792,open-meteo
2026-08-09 19:00:00,33.4,35,0.0,15.5,360,382.9,0,Bordeaux,44.8378,-0.5792,open-meteo
2026-08-09 20:00:00,32.6,38,0.0,16.2,348,138.9,3,Bordeaux,44.8378,-0.5792,open-meteo
2026-08-09 21:00:00,30.5,43,0.0,10.4,340,56.3,3,Bordeaux,44.8378,-0.5792,open-meteo
2026-08-09 22:00:00,30.2,39,0.0,16.5,100,0.4,3,Bordeaux,44.8378,-0.5792,open-meteo
2026-08-09 23:00:00,25.1,66,1.0,7.2,198,0.0,3,Bordeaux,44.8378,-0.5792,open-meteo
2026-08-10 00:00:00,26.8,52,0.0,3.6,217,0.0,63,Bordeaux,44.8378,-0.5792,open-meteo
2026-08-10 01:00:00,25.8,54,0.0,6.2,291,0.0,63,Bordeaux,44.8378,-0.5792,open-meteo
2026-08-10 02:00:00,25.4,60,0.0,7.9,227,0.0,3,Bordeaux,44.8378,-0.5792,open-meteo
2026-08-10 03:00:00,22.8,80,0.0,6.7,286,0.0,3,Bordeaux,44.8378,-0.5792,open-meteo
2026-08-10 04:00:00,22.5,80,0.0,7.6,275,0.0,3,Bordeaux,44.8378,-0.5792,open-meteo
2026-08-10 05:00:00,22.4,81,0.0,6.9,227,0.0,3,Bordeaux,44.8378,-0.5792,open-meteo
2026-08-10 06:00:00,22.3,83,0.0,9.3,193,0.0,51,Bordeaux,44.8378,-0.5792,open-meteo
2026-08-10 07:00:00,22.2,84,0.0,11.0,218,0.0,3,Bordeaux,44.8378,-0.5792,open-meteo
2026-08-10 08:00:00,22.4,83,0.0,9.7,231,39.4,0,Bordeaux,44.8378,-0.5792,open-meteo
2026-08-10 09:00:00,23.7,76,0.0,6.2,216,184.4,3,Bordeaux,44.8378,-0.5792,open-meteo
2026-08-10 10:00:00,24.8,71,0.0,3.3,174,359.0,0,Bordeaux,44.8378,-0.5792,open-meteo
2026-08-10 11:00:00,27.1,58,0.0,1.8,143,527.0,2,Bordeaux,44.8378,-0.5792,open-meteo
2026-08-10 12:00:00,28.3,52,0.0,4.6,108,675.2,0,Bordeaux,44.8378,-0.5792,open-meteo
2026-08-10 13:00:00,30.2,46,0.0,2.1,59,781.4,3,Bordeaux,44.8378,-0.5792,open-meteo
2026-08-10 14:00:00,31.7,40,0.0,3.7,349,838.7,2,Bordeaux,44.8378,-0.5792,open-meteo
2026-08-10 15:00:00,32.3,40,0.0,3.3,354,851.9,3,Bordeaux,44.8378,-0.5792,open-meteo
2026-08-10 16:00:00,33.4,36,0.0,5.2,326,805.4,0,Bordeaux,44.8378,-0.5792,open-meteo
2026-08-10 17:00:00,34.4,32,0.0,9.7,315,713.7,0,Bordeaux,44.8378,-0.5792,open-meteo
2026-08-10 18:00:00,33.8,35,0.0,8.0,333,573.5,3,Bordeaux,44.8378,-0.5792,open-meteo
2026-08-10 19:00:00,32.2,39,0.0,11.7,288,410.5,3,Bordeaux,44.8378,-0.5792,open-meteo
2026-08-10 20:00:00,32.2,41,0.0,11.0,337,192.1,0,Bordeaux,44.8378,-0.5792,open-meteo
2026-08-10 21:00:00,31.3,43,0.0,6.6,319,74.8,3,Bordeaux,44.8378,-0.5792,open-meteo
2026-08-10 22:00:00,27.8,59,0.0,9.7,301,0.4,0,Bordeaux,44.8378,-0.5792,open-meteo
2026-08-10 23:00:00,26.2,64,0.0,7.7,259,0.0,0,Bordeaux,44.8378,-0.5792,open-meteo
2026-08-11 00:00:00,24.9,63,0.0,8.0,275,0.0,0,Bordeaux,44.8378,-0.5792,open-meteo
2026-08-11 01:00:00,24.5,62,0.0,7.3,290,0.0,0,Bordeaux,44.8378,-0.5792,open-meteo
2026-08-11 02:00:00,24.1,64,0.0,5.4,262,0.0,0,Bordeaux,44.8378,-0.5792,open-meteo
2026-08-11 03:00:00,23.0,74,0.0,7.2,273,0.0,0,Bordeaux,44.8378,-0.5792,open-meteo
2026-08-11 04:00:00,22.3,82,0.0,4.7,261,0.0,0,Bordeaux,44.8378,-0.5792,open-meteo
2026-08-11 05:00:00,22.3,81,0.0,2.9,300,0.0,0,Bordeaux,44.8378,-0.5792,open-meteo
2026-08-11 06:00:00,22.0,83,0.0,3.7,241,0.0,0,Bordeaux,44.8378,-0.5792,open-meteo
2026-08-11 07:00:00,21.6,83,0.0,7.0,215,0.0,0,Bordeaux,44.8378,-0.5792,open-meteo
2026-08-11 08:00:00,21.8,85,0.0,4.6,225,39.4,0,Bordeaux,44.8378,-0.5792,open-meteo
2026-08-11 09:00:00,23.2,80,0.0,7.9,231,185.2,0,Bordeaux,44.8378,-0.5792,open-meteo
2026-08-11 10:00:00,25.2,69,0.0,5.4,172,361.1,0,Bordeaux,44.8378,-0.5792,open-meteo
2026-08-11 11:00:00,27.1,60,0.0,4.8,167,530.1,0,Bordeaux,44.8378,-0.5792,open-meteo
2026-08-11 12:00:00,30.0,48,0.0,3.8,197,676.7,0,Bordeaux,44.8378,-0.5792,open-meteo
2026-08-11 13:00:00,32.3,40,0.0,4.3,132,787.8,0,Bordeaux,44.8378,-0.5792,open-meteo
2026-08-11 14:00:00,33.6,35,0.0,4.6,108,847.2,0,Bordeaux,44.8378,-0.5792,open-meteo
2026-08-11 15:00:00,35.0,30,0.0,2.7,67,856.5,0,Bordeaux,44.8378,-0.5792,open-meteo
2026-08-11 16:00:00,35.8,28,0.0,4.4,35,812.5,0,Bordeaux,44.8378,-0.5792,open-meteo
2026-08-11 17:00:00,36.3,27,0.0,5.4,4,715.9,0,Bordeaux,44.8378,-0.5792,open-meteo
2026-08-11 18:00:00,36.6,25,0.0,10.9,352,577.0,0,Bordeaux,44.8378,-0.5792,open-meteo
2026-08-11 19:00:00,36.5,24,0.0,11.5,2,413.6,0,Bordeaux,44.8378,-0.5792,open-meteo
2026-08-11 20:00:00,35.8,27,0.0,8.4,350,235.3,0,Bordeaux,44.8378,-0.5792,open-meteo
2026-08-11 21:00:00,34.8,29,0.0,10.6,24,72.3,0,Bordeaux,44.8378,-0.5792,open-meteo
2026-08-11 22:00:00,31.6,39,0.0,12.0,9,0.2,0,Bordeaux,44.8378,-0.5792,open-meteo
2026-08-11 23:00:00,30.2,42,0.0,9.1,9,0.0,0,Bordeaux,44.8378,-0.5792,open-meteo
2026-08-12 00:00:00,29.0,44,0.0,7.0,21,0.0,0,Bordeaux,44.8378,-0.5792,open-meteo
2026-08-12 01:00:00,27.7,49,0.0,8.5,12,0.0,0,Bordeaux,44.8378,-0.5792,open-meteo
2026-08-12 02:00:00,26.6,54,0.0,8.7,7,0.0,0,Bordeaux,44.8378,-0.5792,open-meteo
2026-08-12 03:00:00,25.8,60,0.0,7.9,360,0.0,0,Bordeaux,44.8378,-0.5792,open-meteo
2026-08-12 04:00:00,25.3,66,0.0,4.2,340,0.0,0,Bordeaux,44.8378,-0.5792,open-meteo
2026-08-12 05:00:00,25.5,64,0.0,4.4,279,0.0,0,Bordeaux,44.8378,-0.5792,open-meteo
2026-08-12 06:00:00,24.8,64,0.0,5.6,310,0.0,0,Bordeaux,44.8378,-0.5792,open-meteo
2026-08-12 07:00:00,24.3,64,0.0,2.9,97,0.0,0,Bordeaux,44.8378,-0.5792,open-meteo
2026-08-12 08:00:00,23.8,65,0.0,5.4,222,38.0,0,Bordeaux,44.8378,-0.5792,open-meteo
2026-08-12 09:00:00,25.7,64,0.0,3.6,186,182.9,0,Bordeaux,44.8378,-0.5792,open-meteo
2026-08-12 10:00:00,29.0,52,0.0,6.1,177,359.6,0,Bordeaux,44.8378,-0.5792,open-meteo
2026-08-12 11:00:00,31.3,46,0.0,6.9,141,530.9,0,Bordeaux,44.8378,-0.5792,open-meteo
2026-08-12 12:00:00,33.2,40,0.0,7.3,160,676.7,0,Bordeaux,44.8378,-0.5792,open-meteo
2026-08-12 13:00:00,35.5,31,0.0,8.7,120,787.0,0,Bordeaux,44.8378,-0.5792,open-meteo
2026-08-12 14:00:00,36.7,25,0.0,6.4,106,848.0,0,Bordeaux,44.8378,-0.5792,open-meteo
2026-08-12 15:00:00,37.6,22,0.0,4.4,81,854.9,0,Bordeaux,44.8378,-0.5792,open-meteo
2026-08-12 16:00:00,38.3,21,0.0,5.4,86,808.1,0,Bordeaux,44.8378,-0.5792,open-meteo
2026-08-12 17:00:00,38.8,20,0.0,8.7,83,707.6,0,Bordeaux,44.8378,-0.5792,open-meteo
2026-08-12 18:00:00,39.0,20,0.0,9.1,99,569.3,0,Bordeaux,44.8378,-0.5792,open-meteo
2026-08-12 19:00:00,38.8,20,0.0,9.5,9,409.0,0,Bordeaux,44.8378,-0.5792,open-meteo
2026-08-12 20:00:00,37.5,22,0.0,14.6,10,216.8,0,Bordeaux,44.8378,-0.5792,open-meteo
2026-08-12 21:00:00,34.8,28,0.0,13.1,16,20.6,0,Bordeaux,44.8378,-0.5792,open-meteo
2026-08-12 22:00:00,32.9,32,0.0,10.8,15,0.2,0,Bordeaux,44.8378,-0.5792,open-meteo
2026-08-12 23:00:00,31.1,37,0.0,10.5,6,0.0,0,Bordeaux,44.8378,-0.5792,open-meteo
2026-08-13 00:00:00,29.3,44,0.0,9.0,360,0.0,0,Bordeaux,44.8378,-0.5792,open-meteo
2026-08-13 01:00:00,28.5,48,0.0,5.5,337,0.0,0,Bordeaux,44.8378,-0.5792,open-meteo
2026-08-13 02:00:00,28.1,49,0.0,6.8,357,0.0,0,Bordeaux,44.8378,-0.5792,open-meteo
2026-08-13 03:00:00,27.5,52,0.0,4.9,343,0.0,0,Bordeaux,44.8378,-0.5792,open-meteo
2026-08-13 04:00:00,26.8,56,0.0,4.7,302,0.0,0,Bordeaux,44.8378,-0.5792,open-meteo
2026-08-13 05:00:00,25.8,60,0.0,6.9,6,0.0,0,Bordeaux,44.8378,-0.5792,open-meteo
2026-08-13 06:00:00,25.1,63,0.0,5.4,360,0.0,0,Bordeaux,44.8378,-0.5792,open-meteo
2026-08-13 07:00:00,24.8,65,0.0,3.5,156,0.0,0,Bordeaux,44.8378,-0.5792,open-meteo
2026-08-13 08:00:00,25.7,61,0.0,1.9,158,36.3,0,Bordeaux,44.8378,-0.5792,open-meteo
2026-08-13 09:00:00,28.3,48,0.0,2.2,171,180.6,0,Bordeaux,44.8378,-0.5792,open-meteo
2026-08-13 10:00:00,29.5,44,0.0,4.3,132,356.7,0,Bordeaux,44.8378,-0.5792,open-meteo
2026-08-13 11:00:00,32.6,38,0.0,5.4,127,526.2,0,Bordeaux,44.8378,-0.5792,open-meteo
2026-08-13 12:00:00,34.7,35,0.0,4.7,122,671.3,0,Bordeaux,44.8378,-0.5792,open-meteo
2026-08-13 13:00:00,36.8,30,0.0,4.1,105,780.9,0,Bordeaux,44.8378,-0.5792,open-meteo
2026-08-13 14:00:00,38.4,23,0.0,5.7,125,841.0,0,Bordeaux,44.8378,-0.5792,open-meteo
2026-08-13 15:00:00,39.4,21,0.0,1.1,90,849.5,0,Bordeaux,44.8378,-0.5792,open-meteo
2026-08-13 16:00:00,40.2,20,0.0,2.5,98,803.4,0,Bordeaux,44.8378,-0.5792,open-meteo
2026-08-13 17:00:00,40.9,16,0.0,8.4,80,707.4,0,Bordeaux,44.8378,-0.5792,open-meteo
2026-08-13 18:00:00,40.9,17,0.0,9.3,118,573.1,0,Bordeaux,44.8378,-0.5792,open-meteo
2026-08-13 19:00:00,40.8,16,0.0,10.1,84,405.1,0,Bordeaux,44.8378,-0.5792,open-meteo
2026-08-13 20:00:00,39.1,21,0.0,14.8,359,226.7,0,Bordeaux,44.8378,-0.5792,open-meteo
2026-08-13 21:00:00,36.3,26,0.0,12.6,3,67.1,0,Bordeaux,44.8378,-0.5792,open-meteo
2026-08-13 22:00:00,34.3,30,0.0,7.4,321,0.2,0,Bordeaux,44.8378,-0.5792,open-meteo
2026-08-13 23:00:00,33.0,31,0.0,4.3,336,0.0,0,Bordeaux,44.8378,-0.5792,open-meteo
2026-08-14 00:00:00,31.3,38,0.0,5.6,297,0.0,0,Bordeaux,44.8378,-0.5792,open-meteo
2026-08-14 01:00:00,30.4,41,0.0,3.7,281,0.0,0,Bordeaux,44.8378,-0.5792,open-meteo
2026-08-14 02:00:00,30.2,40,0.0,7.4,241,0.0,0,Bordeaux,44.8378,-0.5792,open-meteo
2026-08-14 03:00:00,26.8,68,0.0,9.0,217,0.0,0,Bordeaux,44.8378,-0.5792,open-meteo
2026-08-14 04:00:00,25.1,80,0.0,8.5,216,0.0,0,Bordeaux,44.8378,-0.5792,open-meteo
2026-08-14 05:00:00,25.0,79,0.0,5.6,220,0.0,3,Bordeaux,44.8378,-0.5792,open-meteo
2026-08-14 06:00:00,24.7,81,0.0,7.4,209,0.0,3,Bordeaux,44.8378,-0.5792,open-meteo
2026-08-14 07:00:00,24.2,86,0.0,10.0,206,0.0,0,Bordeaux,44.8378,-0.5792,open-meteo
2026-08-14 08:00:00,24.3,84,0.0,9.4,212,33.4,3,Bordeaux,44.8378,-0.5792,open-meteo
2026-08-14 09:00:00,25.6,77,0.0,10.7,220,174.6,3,Bordeaux,44.8378,-0.5792,open-meteo
2026-08-14 10:00:00,27.3,68,0.0,11.0,221,334.1,3,Bordeaux,44.8378,-0.5792,open-meteo
2026-08-14 11:00:00,29.5,58,0.0,10.2,231,508.5,3,Bordeaux,44.8378,-0.5792,open-meteo
2026-08-14 12:00:00,31.9,49,0.0,8.9,227,662.8,0,Bordeaux,44.8378,-0.5792,open-meteo
2026-08-14 13:00:00,34.3,41,0.0,9.2,219,772.2,0,Bordeaux,44.8378,-0.5792,open-meteo
2026-08-14 14:00:00,36.1,35,0.0,8.2,221,831.0,0,Bordeaux,44.8378,-0.5792,open-meteo
2026-08-14 15:00:00,37.1,32,0.0,11.3,239,838.7,1,Bordeaux,44.8378,-0.5792,open-meteo
2026-08-14 16:00:00,38.1,29,0.0,11.4,246,791.7,3,Bordeaux,44.8378,-0.5792,open-meteo
2026-08-14 17:00:00,37.0,35,0.0,19.7,294,683.8,3,Bordeaux,44.8378,-0.5792,open-meteo
2026-08-14 18:00:00,37.4,33,0.0,10.6,350,557.9,0,Bordeaux,44.8378,-0.5792,open-meteo
2026-08-14 19:00:00,37.7,30,0.0,2.7,67,380.4,3,Bordeaux,44.8378,-0.5792,open-meteo
2026-08-14 20:00:00,33.5,49,0.0,16.9,250,216.0,3,Bordeaux,44.8378,-0.5792,open-meteo
2026-08-14 21:00:00,28.4,63,0.0,14.5,251,59.4,0,Bordeaux,44.8378,-0.5792,open-meteo
2026-08-14 22:00:00,26.5,67,0.0,7.6,265,0.0,0,Bordeaux,44.8378,-0.5792,open-meteo
2026-08-14 23:00:00,25.5,72,0.0,8.7,240,0.0,3,Bordeaux,44.8378,-0.5792,open-meteo
2026-08-15 00:00:00,25.1,75,0.0,9.1,198,0.0,3,Bordeaux,44.8378,-0.5792,open-meteo
2026-08-15 01:00:00,24.7,78,0.2,10.8,266,0.0,3,Bordeaux,44.8378,-0.5792,open-meteo
2026-08-15 02:00:00,24.3,83,0.0,10.2,225,0.0,3,Bordeaux,44.8378,-0.5792,open-meteo
2026-08-15 03:00:00,24.3,74,0.6,12.8,191,0.0,53,Bordeaux,44.8378,-0.5792,open-meteo
2026-08-15 04:00:00,23.3,89,0.0,9.1,198,0.0,53,Bordeaux,44.8378,-0.5792,open-meteo
2026-08-15 05:00:00,23.0,89,0.0,12.4,216,0.0,3,Bordeaux,44.8378,-0.5792,open-meteo
2026-08-15 06:00:00,23.0,88,0.0,3.7,299,0.0,3,Bordeaux,44.8378,-0.5792,open-meteo
2026-08-15 07:00:00,23.2,88,0.0,7.3,281,0.0,3,Bordeaux,44.8378,-0.5792,open-meteo
2026-08-15 08:00:00,23.1,88,0.0,7.8,248,21.6,3,Bordeaux,44.8378,-0.5792,open-meteo
2026-08-15 09:00:00,23.7,80,0.0,5.8,210,153.5,3,Bordeaux,44.8378,-0.5792,open-meteo
2026-08-15 10:00:00,24.5,76,0.0,5.2,236,301.9,3,Bordeaux,44.8378,-0.5792,open-meteo
2026-08-15 11:00:00,24.6,75,0.0,7.7,259,342.8,2,Bordeaux,44.8378,-0.5792,open-meteo
2026-08-15 12:00:00,27.4,65,0.0,10.7,222,554.0,3,Bordeaux,44.8378,-0.5792,open-meteo
2026-08-15 13:00:00,29.0,58,0.0,11.1,216,721.5,3,Bordeaux,44.8378,-0.5792,open-meteo
2026-08-15 14:00:00,30.9,50,0.0,7.9,227,781.4,3,Bordeaux,44.8378,-0.5792,open-meteo
2026-08-15 15:00:00,32.5,44,0.0,8.5,234,811.9,3,Bordeaux,44.8378,-0.5792,open-meteo
2026-08-15 16:00:00,33.2,42,0.0,8.8,235,773.0,3,Bordeaux,44.8378,-0.5792,open-meteo
2026-08-15 17:00:00,33.3,43,0.0,8.3,268,682.9,3,Bordeaux,44.8378,-0.5792,open-meteo
2026-08-15 18:00:00,33.6,41,0.0,12.1,247,544.8,3,Bordeaux,44.8378,-0.5792,open-meteo
2026-08-15 19:00:00,31.6,47,0.0,15.4,249,372.5,0,Bordeaux,44.8378,-0.5792,open-meteo
2026-08-15 20:00:00,29.7,55,0.0,14.5,243,210.5,3,Bordeaux,44.8378,-0.5792,open-meteo
2026-08-15 21:00:00,27.5,61,0.0,13.2,248,53.8,0,Bordeaux,44.8378,-0.5792,open-meteo
2026-08-15 22:00:00,26.5,63,0.0,12.0,279,0.0,2,Bordeaux,44.8378,-0.5792,open-meteo
2026-08-15 23:00:00,25.9,66,0.0,16.7,289,0.0,0,Bordeaux,44.8378,-0.5792,open-meteo
2026-08-16 00:00:00,24.3,76,0.0,10.0,311,0.0,3,Bordeaux,44.8378,-0.5792,open-meteo
2026-08-16 01:00:00,23.2,82,0.0,10.2,100,0.0,3,Bordeaux,44.8378,-0.5792,open-meteo
2026-08-16 02:00:00,22.8,85,0.1,7.2,63,0.0,3,Bordeaux,44.8378,-0.5792,open-meteo
2026-08-16 03:00:00,23.5,82,0.0,9.1,236,0.0,51,Bordeaux,44.8378,-0.5792,open-meteo
2026-08-16 04:00:00,23.1,85,0.0,11.2,237,0.0,3,Bordeaux,44.8378,-0.5792,open-meteo
2026-08-16 05:00:00,23.0,83,0.0,6.5,214,0.0,3,Bordeaux,44.8378,-0.5792,open-meteo
2026-08-16 06:00:00,22.7,84,0.0,4.7,266,0.0,51,Bordeaux,44.8378,-0.5792,open-meteo
2026-08-16 07:00:00,22.6,88,0.0,4.4,279,0.0,3,Bordeaux,44.8378,-0.5792,open-meteo
2026-08-16 08:00:00,22.8,84,0.0,2.2,360,13.1,3,Bordeaux,44.8378,-0.5792,open-meteo
2026-08-16 09:00:00,23.4,82,0.0,3.0,194,164.4,3,Bordeaux,44.8378,-0.5792,open-meteo
2026-08-16 10:00:00,23.9,77,0.0,6.6,221,318.7,3,Bordeaux,44.8378,-0.5792,open-meteo
2026-08-16 11:00:00,24.1,78,0.0,6.1,230,285.5,3,Bordeaux,44.8378,-0.5792,open-meteo
2026-08-16 12:00:00,25.3,72,0.0,8.7,225,426.9,2,Bordeaux,44.8378,-0.5792,open-meteo
2026-08-16 13:00:00,27.0,65,0.0,6.4,223,660.5,2,Bordeaux,44.8378,-0.5792,open-meteo
2026-08-16 14:00:00,28.9,55,0.0,10.3,245,749.0,1,Bordeaux,44.8378,-0.5792,open-meteo
2026-08-16 15:00:00,30.4,49,0.0,11.6,254,740.7,3,Bordeaux,44.8378,-0.5792,open-meteo
2026-08-16 16:00:00,30.6,48,0.0,11.3,253,631.9,1,Bordeaux,44.8378,-0.5792,open-meteo
2026-08-16 17:00:00,30.1,50,0.0,11.1,257,577.9,2,Bordeaux,44.8378,-0.5792,open-meteo
2026-08-16 18:00:00,30.4,49,0.0,9.4,252,491.5,0,Bordeaux,44.8378,-0.5792,open-meteo
2026-08-16 19:00:00,29.7,51,0.0,14.0,247,327.9,0,Bordeaux,44.8378,-0.5792,open-meteo
2026-08-16 20:00:00,28.5,56,0.0,15.0,240,196.8,0,Bordeaux,44.8378,-0.5792,open-meteo
2026-08-16 21:00:00,26.1,64,0.0,11.7,261,50.0,0,Bordeaux,44.8378,-0.5792,open-meteo
2026-08-16 22:00:00,24.9,65,0.0,9.3,283,0.0,3,Bordeaux,44.8378,-0.5792,open-meteo
2026-08-16 23:00:00,23.9,70,0.0,7.6,267,0.0,0,Bordeaux,44.8378,-0.5792,open-meteo
2026-08-17 00:00:00,23.2,77,0.0,8.8,258,0.0,1,Bordeaux,44.8378,-0.5792,open-meteo
2026-08-17 01:00:00,22.4,82,0.0,6.8,238,0.0,3,Bordeaux,44.8378,-0.5792,open-meteo
2026-08-17 02:00:00,22.2,83,0.0,8.7,232,0.0,3,Bordeaux,44.8378,-0.5792,open-meteo
2026-08-17 03:00:00,22.2,83,0.0,9.7,285,0.0,3,Bordeaux,44.8378,-0.5792,open-meteo
2026-08-17 04:00:00,22.0,83,0.0,6.3,246,0.0,3,Bordeaux,44.8378,-0.5792,open-meteo
2026-08-17 05:00:00,21.9,82,0.0,6.6,261,0.0,3,Bordeaux,44.8378,-0.5792,open-meteo
2026-08-17 06:00:00,22.1,81,0.0,2.4,297,0.0,2,Bordeaux,44.8378,-0.5792,open-meteo
2026-08-17 07:00:00,21.8,82,0.0,5.8,270,0.0,1,Bordeaux,44.8378,-0.5792,open-meteo
2026-08-17 08:00:00,22.0,82,0.0,3.8,229,14.7,3,Bordeaux,44.8378,-0.5792,open-meteo
2026-08-17 09:00:00,22.7,77,0.0,6.9,227,127.3,3,Bordeaux,44.8378,-0.5792,open-meteo
2026-08-17 10:00:00,24.1,70,0.0,9.1,263,290.1,3,Bordeaux,44.8378,-0.5792,open-meteo
2026-08-17 11:00:00,25.6,62,0.0,6.7,286,444.3,3,Bordeaux,44.8378,-0.5792,open-meteo
2026-08-17 12:00:00,27.4,55,0.0,7.0,291,602.6,3,Bordeaux,44.8378,-0.5792,open-meteo
2026-08-17 13:00:00,29.1,48,0.0,7.6,251,746.3,3,Bordeaux,44.8378,-0.5792,open-meteo
2026-08-17 14:00:00,30.0,47,0.0,12.4,253,783.8,3,Bordeaux,44.8378,-0.5792,open-meteo
2026-08-17 15:00:00,30.3,47,0.0,13.5,254,744.6,3,Bordeaux,44.8378,-0.5792,open-meteo
2026-08-17 16:00:00,30.2,48,0.0,14.7,253,641.2,3,Bordeaux,44.8378,-0.5792,open-meteo
2026-08-17 17:00:00,29.6,50,0.0,15.2,256,598.6,1,Bordeaux,44.8378,-0.5792,open-meteo
2026-08-17 18:00:00,29.0,51,0.0,15.3,261,491.5,3,Bordeaux,44.8378,-0.5792,open-meteo
2026-08-17 19:00:00,28.0,54,0.0,14.5,263,288.0,3,Bordeaux,44.8378,-0.5792,open-meteo
2026-08-17 20:00:00,26.5,59,0.0,13.0,268,141.2,3,Bordeaux,44.8378,-0.5792,open-meteo
2026-08-17 21:00:00,25.4,63,0.0,10.7,250,42.6,3,Bordeaux,44.8378,-0.5792,open-meteo
2026-08-17 22:00:00,24.7,65,0.0,8.0,262,0.0,0,Bordeaux,44.8378,-0.5792,open-meteo
2026-08-17 23:00:00,23.6,74,0.0,6.2,263,0.0,0,Bordeaux,44.8378,-0.5792,open-meteo
2026-08-18 00:00:00,22.9,82,0.0,4.8,257,0.0,0,Bordeaux,44.8378,-0.5792,open-meteo
2026-08-18 01:00:00,22.1,81,0.0,2.6,304,0.0,0,Bordeaux,44.8378,-0.5792,open-meteo
2026-08-18 02:00:00,21.6,75,0.0,3.6,276,0.0,0,Bordeaux,44.8378,-0.5792,open-meteo
2026-08-18 03:00:00,21.1,80,0.0,4.9,253,0.0,3,Bordeaux,44.8378,-0.5792,open-meteo
2026-08-18 04:00:00,21.3,77,0.0,5.6,285,0.0,0,Bordeaux,44.8378,-0.5792,open-meteo
2026-08-18 05:00:00,20.8,79,0.0,6.3,257,0.0,0,Bordeaux,44.8378,-0.5792,open-meteo
2026-08-18 06:00:00,20.5,81,0.0,7.0,235,0.0,0,Bordeaux,44.8378,-0.5792,open-meteo
2026-08-18 07:00:00,20.2,83,0.0,6.5,236,0.0,0,Bordeaux,44.8378,-0.5792,open-meteo
2026-08-18 08:00:00,20.3,84,0.0,5.5,247,25.5,0,Bordeaux,44.8378,-0.5792,open-meteo
2026-08-18 09:00:00,22.0,80,0.0,7.2,276,158.2,2,Bordeaux,44.8378,-0.5792,open-meteo
2026-08-18 10:00:00,23.5,73,0.0,10.1,287,309.4,3,Bordeaux,44.8378,-0.5792,open-meteo
2026-08-18 11:00:00,25.3,64,0.0,8.2,293,506.4,3,Bordeaux,44.8378,-0.5792,open-meteo
2026-08-18 12:00:00,26.8,58,0.0,6.1,315,639.7,3,Bordeaux,44.8378,-0.5792,open-meteo
2026-08-18 13:00:00,28.6,50,0.0,5.9,313,751.7,3,Bordeaux,44.8378,-0.5792,open-meteo
2026-08-18 14:00:00,29.8,46,0.0,5.8,300,797.8,1,Bordeaux,44.8378,-0.5792,open-meteo
2026-08-18 15:00:00,30.9,41,0.0,5.2,304,797.8,0,Bordeaux,44.8378,-0.5792,open-meteo
2026-08-18 16:00:00,31.8,38,0.0,9.3,306,790.1,3,Bordeaux,44.8378,-0.5792,open-meteo
2026-08-18 17:00:00,32.2,36,0.0,8.7,312,690.0,3,Bordeaux,44.8378,-0.5792,open-meteo
2026-08-18 18:00:00,31.1,41,0.0,15.5,301,554.2,2,Bordeaux,44.8378,-0.5792,open-meteo
2026-08-18 19:00:00,29.2,45,0.0,15.0,318,385.8,2,Bordeaux,44.8378,-0.5792,open-meteo
2026-08-18 20:00:00,27.8,46,0.0,12.3,302,207.4,1,Bordeaux,44.8378,-0.5792,open-meteo
2026-08-18 21:00:00,25.3,54,0.0,11.8,308,51.5,0,Bordeaux,44.8378,-0.5792,open-meteo
2026-08-18 22:00:00,22.9,66,0.0,9.7,318,0.0,0,Bordeaux,44.8378,-0.5792,open-meteo
2026-08-18 23:00:00,21.7,73,0.0,7.0,325,0.0,0,Bordeaux,44.8378,-0.5792,open-meteo
2026-08-19 00:00:00,21.4,74,0.0,5.0,330,0.0,0,Bordeaux,44.8378,-0.5792,open-meteo
2026-08-19 01:00:00,20.7,78,0.0,4.8,318,0.0,0,Bordeaux,44.8378,-0.5792,open-meteo
2026-08-19 02:00:00,20.3,81,0.0,5.0,339,0.0,0,Bordeaux,44.8378,-0.5792,open-meteo
2026-08-19 03:00:00,20.1,83,0.0,5.4,340,0.0,0,Bordeaux,44.8378,-0.5792,open-meteo
2026-08-19 04:00:00,19.7,86,0.0,6.2,339,0.0,1,Bordeaux,44.8378,-0.5792,open-meteo
2026-08-19 05:00:00,19.2,88,0.0,3.7,331,0.0,0,Bordeaux,44.8378,-0.5792,open-meteo
2026-08-19 06:00:00,19.0,88,0.0,2.5,270,0.0,3,Bordeaux,44.8378,-0.5792,open-meteo
2026-08-19 07:00:00,19.2,87,0.0,2.6,326,0.0,3,Bordeaux,44.8378,-0.5792,open-meteo
2026-08-19 08:00:00,19.6,84,0.0,2.3,342,15.4,3,Bordeaux,44.8378,-0.5792,open-meteo
2026-08-19 09:00:00,20.6,81,0.0,3.1,291,61.0,3,Bordeaux,44.8378,-0.5792,open-meteo
2026-08-19 10:00:00,21.8,75,0.0,5.7,288,143.5,3,Bordeaux,44.8378,-0.5792,open-meteo
2026-08-19 11:00:00,23.6,66,0.0,7.9,286,436.9,1,Bordeaux,44.8378,-0.5792,open-meteo
2026-08-19 12:00:00,25.6,58,0.0,9.9,260,655.1,0,Bordeaux,44.8378,-0.5792,open-meteo
2026-08-19 13:00:00,27.6,50,0.0,12.5,258,770.8,0,Bordeaux,44.8378,-0.5792,open-meteo
2026-08-19 14:00:00,29.7,41,0.0,14.5,277,827.9,0,Bordeaux,44.8378,-0.5792,open-meteo
2026-08-19 15:00:00,29.8,40,0.0,17.5,278,834.1,0,Bordeaux,44.8378,-0.5792,open-meteo
2026-08-19 16:00:00,29.6,41,0.0,15.2,284,785.5,0,Bordeaux,44.8378,-0.5792,open-meteo
2026-08-19 17:00:00,28.8,45,0.0,16.9,272,685.4,0,Bordeaux,44.8378,-0.5792,open-meteo
2026-08-19 18:00:00,28.1,47,0.0,14.5,276,545.3,0,Bordeaux,44.8378,-0.5792,open-meteo
2026-08-19 19:00:00,27.1,49,0.0,16.3,284,377.3,0,Bordeaux,44.8378,-0.5792,open-meteo
2026-08-19 20:00:00,25.7,55,0.0,15.8,294,199.1,1,Bordeaux,44.8378,-0.5792,open-meteo
2026-08-19 21:00:00,24.1,63,0.0,11.4,294,36.3,0,Bordeaux,44.8378,-0.5792,open-meteo
2026-08-19 22:00:00,23.3,69,0.0,9.7,272,0.0,3,Bordeaux,44.8378,-0.5792,open-meteo
2026-08-19 23:00:00,22.9,73,0.0,9.4,247,0.0,3,Bordeaux,44.8378,-0.5792,open-meteo
2026-08-20 00:00:00,22.8,75,0.0,12.0,221,0.0,3,Bordeaux,44.8378,-0.5792,open-meteo
2026-08-20 01:00:00,22.8,76,0.0,14.2,201,0.0,3,Bordeaux,44.8378,-0.5792,open-meteo
2026-08-20 02:00:00,22.6,78,0.0,14.9,217,0.0,3,Bordeaux,44.8378,-0.5792,open-meteo
2026-08-20 03:00:00,22.0,83,0.6,14.6,310,0.0,3,Bordeaux,44.8378,-0.5792,open-meteo
2026-08-20 04:00:00,20.8,85,0.0,11.7,342,0.0,51,Bordeaux,44.8378,-0.5792,open-meteo
2026-08-20 05:00:00,20.6,82,0.4,8.7,343,0.0,3,Bordeaux,44.8378,-0.5792,open-meteo
2026-08-20 06:00:00,20.4,79,0.0,5.8,356,0.0,3,Bordeaux,44.8378,-0.5792,open-meteo
2026-08-20 07:00:00,19.9,81,0.0,3.4,32,0.0,3,Bordeaux,44.8378,-0.5792,open-meteo
2026-08-20 08:00:00,20.0,80,0.0,2.3,51,7.5,3,Bordeaux,44.8378,-0.5792,open-meteo
2026-08-20 09:00:00,20.7,74,0.0,3.8,41,55.6,3,Bordeaux,44.8378,-0.5792,open-meteo
2026-08-20 10:00:00,21.1,69,0.0,4.6,39,146.6,3,Bordeaux,44.8378,-0.5792,open-meteo
2026-08-20 11:00:00,21.8,65,0.0,5.2,16,303.2,3,Bordeaux,44.8378,-0.5792,open-meteo
2026-08-20 12:00:00,23.1,59,0.0,5.5,11,543.4,3,Bordeaux,44.8378,-0.5792,open-meteo
2026-08-20 13:00:00,24.3,52,0.0,6.5,326,565.8,3,Bordeaux,44.8378,-0.5792,open-meteo
2026-08-20 14:00:00,25.7,44,0.0,7.5,325,344.1,3,Bordeaux,44.8378,-0.5792,open-meteo
2026-08-20 15:00:00,26.6,40,0.0,5.8,338,542.4,3,Bordeaux,44.8378,-0.5792,open-meteo
2026-08-20 16:00:00,26.5,37,0.0,8.4,301,398.1,3,Bordeaux,44.8378,-0.5792,open-meteo
2026-08-20 17:00:00,26.0,39,0.0,10.5,297,210.6,3,Bordeaux,44.8378,-0.5792,open-meteo
2026-08-20 18:00:00,25.3,43,0.0,8.8,305,443.7,3,Bordeaux,44.8378,-0.5792,open-meteo
2026-08-20 19:00:00,24.3,48,0.0,7.6,301,143.3,3,Bordeaux,44.8378,-0.5792,open-meteo
2026-08-20 20:00:00,23.7,52,0.0,11.5,311,73.3,3,Bordeaux,44.8378,-0.5792,open-meteo
2026-08-20 21:00:00,22.4,53,0.0,8.5,298,18.5,3,Bordeaux,44.8378,-0.5792,open-meteo
2026-08-20 22:00:00,21.7,59,0.0,6.6,283,0.0,51,Bordeaux,44.8378,-0.5792,open-meteo
2026-08-20 23:00:00,21.3,63,0.0,6.6,292,0.0,3,Bordeaux,44.8378,-0.5792,open-meteo
2026-08-21 00:00:00,20.9,69,0.1,5.1,309,0.0,51,Bordeaux,44.8378,-0.5792,open-meteo
2026-08-21 01:00:00,20.0,76,0.0,6.4,227,0.0,51,Bordeaux,44.8378,-0.5792,open-meteo
2026-08-21 02:00:00,19.3,81,0.0,6.9,223,0.0,0,Bordeaux,44.8378,-0.5792,open-meteo
2026-08-21 03:00:00,19.6,80,0.0,8.2,241,0.0,3,Bordeaux,44.8378,-0.5792,open-meteo
2026-08-21 04:00:00,19.5,84,0.0,7.4,219,0.0,3,Bordeaux,44.8378,-0.5792,open-meteo
2026-08-21 05:00:00,19.3,84,0.1,7.6,245,0.0,3,Bordeaux,44.8378,-0.5792,open-meteo
2026-08-21 06:00:00,19.0,85,0.0,5.6,225,0.0,1,Bordeaux,44.8378,-0.5792,open-meteo
2026-08-21 07:00:00,19.0,87,0.0,6.8,238,0.0,3,Bordeaux,44.8378,-0.5792,open-meteo
2026-08-21 08:00:00,19.0,87,0.0,7.1,229,4.6,3,Bordeaux,44.8378,-0.5792,open-meteo
2026-08-21 09:00:00,19.9,80,0.0,5.8,248,44.6,2,Bordeaux,44.8378,-0.5792,open-meteo
2026-08-21 10:00:00,20.5,74,0.1,5.5,191,199.1,3,Bordeaux,44.8378,-0.5792,open-meteo
2026-08-21 11:00:00,20.2,79,1.9,2.9,240,244.8,55,Bordeaux,44.8378,-0.5792,open-meteo
2026-08-21 12:00:00,21.5,67,0.0,7.1,294,474.0,3,Bordeaux,44.8378,-0.5792,open-meteo
2026-08-21 13:00:00,23.0,59,0.2,9.4,317,398.9,3,Bordeaux,44.8378,-0.5792,open-meteo
2026-08-21 14:00:00,23.3,55,0.1,13.8,309,430.0,1,Bordeaux,44.8378,-0.5792,open-meteo
2026-08-21 15:00:00,23.9,49,0.0,14.0,305,774.7,1,Bordeaux,44.8378,-0.5792,open-meteo
2026-08-21 16:00:00,24.6,42,0.0,16.0,301,375.0,3,Bordeaux,44.8378,-0.5792,open-meteo
2026-08-21 17:00:00,24.9,40,0.0,17.3,293,621.7,2,Bordeaux,44.8378,-0.5792,open-meteo
2026-08-21 18:00:00,24.6,39,0.0,16.5,293,500.0,1,Bordeaux,44.8378,-0.5792,open-meteo
2026-08-21 19:00:00,23.9,42,0.0,15.3,300,361.9,0,Bordeaux,44.8378,-0.5792,open-meteo
2026-08-21 20:00:00,23.2,46,0.0,13.5,286,194.4,0,Bordeaux,44.8378,-0.5792,open-meteo
2026-08-21 21:00:00,21.6,52,0.0,10.2,321,43.4,0,Bordeaux,44.8378,-0.5792,open-meteo
2026-08-21 22:00:00,20.4,61,0.0,6.9,321,0.0,0,Bordeaux,44.8378,-0.5792,open-meteo
2026-08-21 23:00:00,19.6,66,0.0,6.8,328,0.0,0,Bordeaux,44.8378,-0.5792,open-meteo
2026-08-22 00:00:00,19.1,69,0.0,1.4,270,0.0,0,Bordeaux,44.8378,-0.5792,open-meteo
2026-08-22 01:00:00,18.8,70,0.0,2.6,254,0.0,0,Bordeaux,44.8378,-0.5792,open-meteo
2026-08-22 02:00:00,18.3,72,0.0,3.6,270,0.0,0,Bordeaux,44.8378,-0.5792,open-meteo
2026-08-22 03:00:00,18.1,71,0.0,2.3,231,0.0,0,Bordeaux,44.8378,-0.5792,open-meteo
2026-08-22 04:00:00,17.3,77,0.0,4.1,135,0.0,3,Bordeaux,44.8378,-0.5792,open-meteo
2026-08-22 05:00:00,17.0,77,0.0,2.3,141,0.0,3,Bordeaux,44.8378,-0.5792,open-meteo
2026-08-22 06:00:00,17.3,77,0.0,2.6,16,0.0,0,Bordeaux,44.8378,-0.5792,open-meteo
2026-08-22 07:00:00,16.2,80,0.0,4.1,135,0.0,0,Bordeaux,44.8378,-0.5792,open-meteo
2026-08-22 08:00:00,16.2,81,0.0,2.7,113,21.6,1,Bordeaux,44.8378,-0.5792,open-meteo
2026-08-22 09:00:00,18.3,74,0.0,3.6,84,155.9,0,Bordeaux,44.8378,-0.5792,open-meteo
2026-08-22 10:00:00,20.0,62,0.0,8.4,97,333.3,0,Bordeaux,44.8378,-0.5792,open-meteo
2026-08-22 11:00:00,21.5,55,0.0,8.3,90,509.8,0,Bordeaux,44.8378,-0.5792,open-meteo
2026-08-22 12:00:00,22.6,49,0.0,10.5,86,641.2,1,Bordeaux,44.8378,-0.5792,open-meteo
2026-08-22 13:00:00,24.0,43,0.0,10.1,88,767.6,0,Bordeaux,44.8378,-0.5792,open-meteo
2026-08-22 14:00:00,25.3,37,0.0,10.7,70,827.9,0,Bordeaux,44.8378,-0.5792,open-meteo
2026-08-22 15:00:00,26.6,31,0.0,10.6,100,834.9,2,Bordeaux,44.8378,-0.5792,open-meteo
2026-08-22 16:00:00,27.5,29,0.0,10.1,92,784.7,0,Bordeaux,44.8378,-0.5792,open-meteo
2026-08-22 17:00:00,28.4,28,0.0,10.2,72,685.2,0,Bordeaux,44.8378,-0.5792,open-meteo
2026-08-22 18:00:00,28.6,27,0.0,13.2,64,541.7,0,Bordeaux,44.8378,-0.5792,open-meteo
2026-08-22 19:00:00,28.4,27,0.0,13.8,81,372.1,3,Bordeaux,44.8378,-0.5792,open-meteo
2026-08-22 20:00:00,28.0,30,0.0,11.6,83,188.3,3,Bordeaux,44.8378,-0.5792,open-meteo
2026-08-22 21:00:00,27.0,31,0.0,10.1,96,37.8,3,Bordeaux,44.8378,-0.5792,open-meteo
2026-08-22 22:00:00,26.3,33,0.0,9.8,82,0.0,3,Bordeaux,44.8378,-0.5792,open-meteo
2026-08-22 23:00:00,25.3,34,0.0,9.7,86,0.0,3,Bordeaux,44.8378,-0.5792,open-meteo
2026-08-23 00:00:00,24.3,37,0.0,10.0,49,0.0,3,Bordeaux,44.8378,-0.5792,open-meteo
2026-08-23 01:00:00,23.4,34,0.0,10.2,42,0.0,3,Bordeaux,44.8378,-0.5792,open-meteo
2026-08-23 02:00:00,22.5,36,0.0,9.5,37,0.0,3,Bordeaux,44.8378,-0.5792,open-meteo
2026-08-23 03:00:00,21.5,39,0.0,9.0,37,0.0,3,Bordeaux,44.8378,-0.5792,open-meteo
2026-08-23 04:00:00,20.7,42,0.0,10.9,27,0.0,3,Bordeaux,44.8378,-0.5792,open-meteo
2026-08-23 05:00:00,20.0,43,0.0,8.5,28,0.0,3,Bordeaux,44.8378,-0.5792,open-meteo
2026-08-23 06:00:00,19.4,45,0.0,10.0,30,0.0,3,Bordeaux,44.8378,-0.5792,open-meteo
2026-08-23 07:00:00,18.7,48,0.0,9.3,36,0.0,3,Bordeaux,44.8378,-0.5792,open-meteo
2026-08-23 08:00:00,18.9,48,0.0,6.4,47,20.3,3,Bordeaux,44.8378,-0.5792,open-meteo
2026-08-23 09:00:00,20.6,43,0.0,12.6,70,150.5,3,Bordeaux,44.8378,-0.5792,open-meteo
2026-08-23 10:00:00,22.4,39,0.0,9.1,99,326.6,3,Bordeaux,44.8378,-0.5792,open-meteo
2026-08-23 11:00:00,25.1,37,0.0,10.2,113,498.5,3,Bordeaux,44.8378,-0.5792,open-meteo
2026-08-23 12:00:00,27.2,35,0.0,7.4,104,639.7,3,Bordeaux,44.8378,-0.5792,open-meteo
2026-08-23 13:00:00,29.5,32,0.0,12.2,104,743.2,3,Bordeaux,44.8378,-0.5792,open-meteo
2026-08-23 14:00:00,31.4,30,0.0,11.7,99,807.1,3,Bordeaux,44.8378,-0.5792,open-meteo
2026-08-23 15:00:00,32.5,28,0.0,8.6,90,816.4,3,Bordeaux,44.8378,-0.5792,open-meteo
2026-08-23 16:00:00,33.4,27,0.0,12.4,73,762.5,3,Bordeaux,44.8378,-0.5792,open-meteo
2026-08-23 17:00:00,33.7,26,0.0,12.3,75,663.0,3,Bordeaux,44.8378,-0.5792,open-meteo
2026-08-23 18:00:00,34.3,25,0.0,10.3,78,534.1,3,Bordeaux,44.8378,-0.5792,open-meteo
2026-08-23 19:00:00,34.2,26,0.0,14.8,64,361.3,3,Bordeaux,44.8378,-0.5792,open-meteo
2026-08-23 20:00:00,33.8,27,0.0,9.7,86,153.7,3,Bordeaux,44.8378,-0.5792,open-meteo
2026-08-23 21:00:00,33.0,28,0.0,11.3,59,27.8,3,Bordeaux,44.8378,-0.5792,open-meteo
2026-08-23 22:00:00,31.4,30,0.0,11.7,79,0.0,3,Bordeaux,44.8378,-0.5792,open-meteo
2026-08-23 23:00:00,30.5,36,0.0,11.9,55,0.0,51,Bordeaux,44.8378,-0.5792,open-meteo
2026-08-24 00:00:00,25.2,50,13.0,19.1,168,0.0,3,Bordeaux,44.8378,-0.5792,open-meteo
2026-08-24 01:00:00,23.8,57,0.0,23.8,151,0.0,3,Bordeaux,44.8378,-0.5792,open-meteo
2026-08-24 02:00:00,23.5,62,0.0,14.2,153,0.0,3,Bordeaux,44.8378,-0.5792,open-meteo
2026-08-24 03:00:00,26.0,42,0.0,8.9,166,0.0,3,Bordeaux,44.8378,-0.5792,open-meteo
2026-08-24 04:00:00,22.5,63,0.0,6.1,62,0.0,3,Bordeaux,44.8378,-0.5792,open-meteo
2026-08-24 05:00:00,22.6,60,0.0,6.4,117,0.0,3,Bordeaux,44.8378,-0.5792,open-meteo
2026-08-24 06:00:00,21.8,66,0.0,7.2,117,0.0,3,Bordeaux,44.8378,-0.5792,open-meteo
2026-08-24 07:00:00,21.3,68,0.0,9.7,141,0.0,0,Bordeaux,44.8378,-0.5792,open-meteo
2026-08-24 08:00:00,20.7,80,0.0,11.9,115,18.5,2,Bordeaux,44.8378,-0.5792,open-meteo
2026-08-24 09:00:00,21.7,75,0.0,12.1,113,146.4,0,Bordeaux,44.8378,-0.5792,open-meteo
2026-08-24 10:00:00,23.7,61,0.0,13.0,118,321.8,0,Bordeaux,44.8378,-0.5792,open-meteo
2026-08-24 11:00:00,26.0,56,0.0,18.1,131,491.5,3,Bordeaux,44.8378,-0.5792,open-meteo
2026-08-24 12:00:00,27.7,52,0.0,18.2,141,462.0,3,Bordeaux,44.8378,-0.5792,open-meteo
2026-08-24 13:00:00,27.4,61,0.0,18.2,150,562.5,0,Bordeaux,44.8378,-0.5792,open-meteo
2026-08-24 14:00:00,31.7,44,0.0,20.1,223,773.1,3,Bordeaux,44.8378,-0.5792,open-meteo
2026-08-24 15:00:00,32.1,27,0.0,9.8,24,603.4,3,Bordeaux,44.8378,-0.5792,open-meteo
2026-08-24 16:00:00,28.2,51,0.0,7.2,18,178.4,3,Bordeaux,44.8378,-0.5792,open-meteo
2026-08-24 17:00:00,27.6,37,0.0,14.7,152,257.7,3,Bordeaux,44.8378,-0.5792,open-meteo
2026-08-24 18:00:00,27.2,39,0.0,10.4,194,258.3,53,Bordeaux,44.8378,-0.5792,open-meteo
2026-08-24 19:00:00,25.1,50,0.0,13.0,175,241.5,51,Bordeaux,44.8378,-0.5792,open-meteo
2026-08-24 20:00:00,25.8,53,0.0,9.8,172,146.8,3,Bordeaux,44.8378,-0.5792,open-meteo
2026-08-24 21:00:00,24.0,62,0.0,8.8,161,34.0,3,Bordeaux,44.8378,-0.5792,open-meteo
2026-08-24 22:00:00,22.4,65,0.0,12.3,128,0.0,3,Bordeaux,44.8378,-0.5792,open-meteo
2026-08-24 23:00:00,21.4,67,0.0,17.9,171,0.0,3,Bordeaux,44.8378,-0.5792,open-meteo
2026-08-25 00:00:00,22.1,72,0.0,13.5,171,0.0,3,Bordeaux,44.8378,-0.5792,open-meteo
2026-08-25 01:00:00,22.2,69,0.0,11.6,164,0.0,3,Bordeaux,44.8378,-0.5792,open-meteo
2026-08-25 02:00:00,21.9,68,0.1,7.2,186,0.0,3,Bordeaux,44.8378,-0.5792,open-meteo
2026-08-25 03:00:00,23.2,68,0.0,5.4,180,0.0,3,Bordeaux,44.8378,-0.5792,open-meteo
2026-08-25 04:00:00,22.0,83,0.0,3.1,69,0.0,61,Bordeaux,44.8378,-0.5792,open-meteo
2026-08-25 05:00:00,22.0,83,0.0,9.5,351,0.0,2,Bordeaux,44.8378,-0.5792,open-meteo
2026-08-25 06:00:00,20.8,89,0.0,5.6,50,0.0,63,Bordeaux,44.8378,-0.5792,open-meteo
2026-08-25 07:00:00,20.9,89,0.0,5.8,360,0.0,3,Bordeaux,44.8378,-0.5792,open-meteo
2026-08-25 08:00:00,20.7,90,0.0,4.6,45,16.4,51,Bordeaux,44.8378,-0.5792,open-meteo
2026-08-25 09:00:00,21.3,86,0.5,3.3,84,89.7,3,Bordeaux,44.8378,-0.5792,open-meteo
2026-08-25 10:00:00,21.8,86,0.0,6.9,141,216.8,51,Bordeaux,44.8378,-0.5792,open-meteo
2026-08-25 11:00:00,23.3,77,0.0,9.0,209,445.8,2,Bordeaux,44.8378,-0.5792,open-meteo
2026-08-25 12:00:00,24.5,69,0.0,15.6,220,575.6,51,Bordeaux,44.8378,-0.5792,open-meteo
2026-08-25 13:00:00,26.5,55,0.0,14.8,273,567.1,2,Bordeaux,44.8378,-0.5792,open-meteo
2026-08-25 14:00:00,27.1,49,0.0,15.1,267,600.5,2,Bordeaux,44.8378,-0.5792,open-meteo
2026-08-25 15:00:00,27.5,47,0.0,14.2,261,665.1,1,Bordeaux,44.8378,-0.5792,open-meteo
2026-08-25 16:00:00,28.0,45,0.0,16.0,256,668.0,3,Bordeaux,44.8378,-0.5792,open-meteo
2026-08-25 17:00:00,27.5,48,0.0,17.4,257,550.2,3,Bordeaux,44.8378,-0.5792,open-meteo
2026-08-25 18:00:00,27.4,50,0.0,14.3,252,481.5,3,Bordeaux,44.8378,-0.5792,open-meteo
2026-08-25 19:00:00,27.1,51,0.0,14.7,259,319.4,1,Bordeaux,44.8378,-0.5792,open-meteo
2026-08-25 20:00:00,26.1,57,0.0,11.3,261,150.5,0,Bordeaux,44.8378,-0.5792,open-meteo
2026-08-25 21:00:00,25.2,59,0.0,7.9,313,28.5,3,Bordeaux,44.8378,-0.5792,open-meteo
2026-08-25 22:00:00,24.0,66,0.0,8.5,324,0.0,3,Bordeaux,44.8378,-0.5792,open-meteo
2026-08-25 23:00:00,23.4,69,0.0,5.1,321,0.0,0,Bordeaux,44.8378,-0.5792,open-meteo
2026-08-26 00:00:00,22.9,71,0.0,5.6,333,0.0,2,Bordeaux,44.8378,-0.5792,open-meteo
2026-08-26 01:00:00,22.3,74,0.0,4.7,302,0.0,3,Bordeaux,44.8378,-0.5792,open-meteo
2026-08-26 02:00:00,22.0,76,0.0,3.7,29,0.0,3,Bordeaux,44.8378,-0.5792,open-meteo
2026-08-26 03:00:00,21.8,78,0.0,4.0,10,0.0,3,Bordeaux,44.8378,-0.5792,open-meteo
2026-08-26 04:00:00,20.9,83,0.0,7.3,9,0.0,3,Bordeaux,44.8378,-0.5792,open-meteo
2026-08-26 05:00:00,21.0,82,0.0,5.4,48,0.0,3,Bordeaux,44.8378,-0.5792,open-meteo
2026-08-26 06:00:00,20.6,84,0.0,6.7,36,0.0,3,Bordeaux,44.8378,-0.5792,open-meteo
2026-08-26 07:00:00,20.1,85,0.0,8.0,36,0.0,3,Bordeaux,44.8378,-0.5792,open-meteo
2026-08-26 08:00:00,20.3,82,0.0,7.7,53,14.5,3,Bordeaux,44.8378,-0.5792,open-meteo
2026-08-26 09:00:00,21.5,78,0.0,7.2,87,103.4,3,Bordeaux,44.8378,-0.5792,open-meteo
2026-08-26 10:00:00,23.3,69,0.0,9.8,96,235.3,3,Bordeaux,44.8378,-0.5792,open-meteo
2026-08-26 11:00:00,26.7,56,0.0,12.5,108,430.7,3,Bordeaux,44.8378,-0.5792,open-meteo
2026-08-26 12:00:00,29.0,45,0.0,18.5,119,564.8,3,Bordeaux,44.8378,-0.5792,open-meteo
2026-08-26 13:00:00,29.8,43,0.0,20.9,131,551.1,3,Bordeaux,44.8378,-0.5792,open-meteo
2026-08-26 14:00:00,30.6,42,0.0,18.7,131,569.5,3,Bordeaux,44.8378,-0.5792,open-meteo
2026-08-26 15:00:00,31.1,43,0.0,19.1,136,566.6,1,Bordeaux,44.8378,-0.5792,open-meteo
2026-08-26 16:00:00,32.3,38,0.0,15.9,143,760.0,3,Bordeaux,44.8378,-0.5792,open-meteo
2026-08-26 17:00:00,33.1,34,0.0,12.5,147,640.4,3,Bordeaux,44.8378,-0.5792,open-meteo
2026-08-26 18:00:00,33.6,32,0.0,12.0,136,510.8,0,Bordeaux,44.8378,-0.5792,open-meteo
2026-08-26 19:00:00,33.8,31,0.0,11.0,122,344.1,2,Bordeaux,44.8378,-0.5792,open-meteo
2026-08-26 20:00:00,33.5,34,0.0,12.6,103,164.4,3,Bordeaux,44.8378,-0.5792,open-meteo
2026-08-26 21:00:00,32.4,35,0.0,14.0,108,24.7,2,Bordeaux,44.8378,-0.5792,open-meteo
2026-08-26 22:00:00,30.7,37,0.0,25.4,286,0.0,3,Bordeaux,44.8378,-0.5792,open-meteo
2026-08-26 23:00:00,25.3,58,2.6,13.6,282,0.0,63,Bordeaux,44.8378,-0.5792,open-meteo
